branch,site,coherence,category_variance,rate_category
"(A1, Node1*)",0,2.95716791644692,2.5669397179714117,c3
"(A1, Node1*)",12,-0.9857237450245657,2.5669397179714117,c3
"(A1, Node1*)",69,2.9571679164312865,2.5669397179714117,c3
"(A1, Node1*)",84,2.957167916432355,2.5669397179714117,c3
"(A1, Node1*)",110,0.9993200973845496,2.5669397179714117,c3
"(A1, Node1*)",116,-0.9857237448823783,2.5669397179714117,c3
"(A1, Node1*)",160,-0.9857237450245657,2.5669397179714117,c3
"(A1, Node1*)",300,2.7390285231200404,2.5669397179714117,c3
"(A1, Node1*)",301,2.9274962787737793,2.5669397179714117,c3
"(A1, Node1*)",311,2.92749627877339,2.5669397179714117,c3
"(A1, Node1*)",333,2.9274962787733343,2.5669397179714117,c3
"(A1, Node1*)",361,-0.9857237450245655,2.5669397179714117,c3
"(A1, Node1*)",396,-0.9857237450278089,2.5669397179714117,c3
"(A1, Node1*)",399,2.7390285209625995,2.5669397179714117,c3
"(A1, Node1*)",436,2.957167916432051,2.5669397179714117,c3
"(A1, Node1*)",462,2.9274962787733347,2.5669397179714117,c3
"(A1, Node1*)",494,-0.9857204263822084,2.5669397179714117,c3
"(A1, Node1*)",509,-0.9857237450220948,2.5669397179714117,c3
"(A1, Node1*)",527,0.9697633995093433,2.5669397179714117,c3
"(A1, Node1*)",541,2.9493111302471173,2.5669397179714117,c3
"(A1, Node1*)",548,2.9571679164313585,2.5669397179714117,c3
"(A1, Node1*)",555,2.6931712671137427,2.5669397179714117,c3
"(A1, Node1*)",590,2.5016304976666714,2.5669397179714117,c3
"(A1, Node1*)",633,2.9571679164346745,2.5669397179714117,c3
"(A1, Node1*)",636,-0.985723745232544,2.5669397179714117,c3
"(A1, Node1*)",641,2.934397475327083,2.5669397179714117,c3
"(A1, Node1*)",647,-0.2338360498765485,2.5669397179714117,c3
"(A1, Node1*)",659,-0.1508719778497946,2.5669397179714117,c3
"(A1, Node1*)",671,2.88214941374738,2.5669397179714117,c3
"(A1, Node1*)",704,2.9571679164320934,2.5669397179714117,c3
"(A1, Node1*)",735,2.957167916432051,2.5669397179714117,c3
"(A1, Node1*)",746,2.957167916431381,2.5669397179714117,c3
"(A1, Node1*)",757,-0.9857237450245737,2.5669397179714117,c3
"(A1, Node1*)",770,2.9571679164320943,2.5669397179714117,c3
"(A1, Node1*)",772,2.693171267036478,2.5669397179714117,c3
"(A1, Node1*)",862,2.740179457798713,2.5669397179714117,c3
"(A1, Node1*)",876,-0.9857237450246346,2.5669397179714117,c3
"(A1, Node1*)",937,0.9700087390200821,2.5669397179714117,c3
"(A1, Node1*)",948,2.9571679164547326,2.5669397179714117,c3
"(A1, Node1*)",954,2.9274962787737966,2.5669397179714117,c3
"(A1, Node1*)",969,2.927496278786332,2.5669397179714117,c3
"(A1, Node1*)",986,2.9571679164323563,2.5669397179714117,c3
"(A2, Node1*)",0,2.9838561479946364,2.4169154068125973,c3
"(A2, Node1*)",12,-0.010486273524011658,2.4169154068125973,c3
"(A2, Node1*)",69,2.9838561479887042,2.4169154068125973,c3
"(A2, Node1*)",84,2.98385614798911,2.4169154068125973,c3
"(A2, Node1*)",110,1.9098528876869747,2.4169154068125973,c3
"(A2, Node1*)",116,-0.010486280464772513,2.4169154068125973,c3
"(A2, Node1*)",160,-0.010486273524004663,2.4169154068125973,c3
"(A2, Node1*)",300,2.8981384403419823,2.4169154068125973,c3
"(A2, Node1*)",301,2.972544328833269,2.4169154068125973,c3
"(A2, Node1*)",311,2.97254432883312,2.4169154068125973,c3
"(A2, Node1*)",333,2.9725443288331,2.4169154068125973,c3
"(A2, Node1*)",361,-0.010486273524021872,2.4169154068125973,c3
"(A2, Node1*)",396,-0.010486273348995379,2.4169154068125973,c3
"(A2, Node1*)",399,2.8981384394640637,2.4169154068125973,c3
"(A2, Node1*)",436,2.9838561479889956,2.4169154068125973,c3
"(A2, Node1*)",462,2.9725443288331,2.4169154068125973,c3
"(A2, Node1*)",494,-0.010648650262448489,2.4169154068125973,c3
"(A2, Node1*)",509,-0.010486273643923294,2.4169154068125973,c3
"(A2, Node1*)",527,1.8862544116439828,2.4169154068125973,c3
"(A2, Node1*)",541,2.9808711800146717,2.4169154068125973,c3
"(A2, Node1*)",548,2.983856147988733,2.4169154068125973,c3
"(A2, Node1*)",555,2.879337332520554,2.4169154068125973,c3
"(A2, Node1*)",590,2.797644838788075,2.4169154068125973,c3
"(A2, Node1*)",633,2.9838561479899903,2.4169154068125973,c3
"(A2, Node1*)",636,-0.0104862623296355,2.4169154068125973,c3
"(A2, Node1*)",641,2.975184762433388,2.4169154068125973,c3
"(A2, Node1*)",647,-0.985871179587614,2.4169154068125973,c3
"(A2, Node1*)",659,-0.9871990450977015,2.4169154068125973,c3
"(A2, Node1*)",671,2.9550499405509476,2.4169154068125973,c3
"(A2, Node1*)",704,2.9838561479890107,2.4169154068125973,c3
"(A2, Node1*)",735,2.983856147988995,2.4169154068125973,c3
"(A2, Node1*)",746,2.9838561479887407,2.4169154068125973,c3
"(A2, Node1*)",757,-0.01048627352358289,2.4169154068125973,c3
"(A2, Node1*)",770,2.9838561479890107,2.4169154068125973,c3
"(A2, Node1*)",772,2.8793373324886367,2.4169154068125973,c3
"(A2, Node1*)",862,2.8986066980534155,2.4169154068125973,c3
"(A2, Node1*)",876,-0.010486273520286749,2.4169154068125973,c3
"(A2, Node1*)",937,1.8864516098534145,2.4169154068125973,c3
"(A2, Node1*)",948,2.9838561479976016,2.4169154068125973,c3
"(A2, Node1*)",954,2.9725443288332762,2.4169154068125973,c3
"(A2, Node1*)",969,2.972544328838077,2.4169154068125973,c3
"(A2, Node1*)",986,2.983856147989111,2.4169154068125973,c3
"(Node2*, Node1*)",0,2.9582465772723263,2.1147723087224186,c3
"(Node2*, Node1*)",12,0.05599915487439111,2.1147723087224186,c3
"(Node2*, Node1*)",69,2.958246577026267,2.1147723087224186,c3
"(Node2*, Node1*)",84,2.9582465770430906,2.1147723087224186,c3
"(Node2*, Node1*)",110,-0.9786084221116097,2.1147723087224186,c3
"(Node2*, Node1*)",116,0.05599915676270295,2.1147723087224186,c3
"(Node2*, Node1*)",160,0.05599915487438922,2.1147723087224186,c3
"(Node2*, Node1*)",300,1.0082314384379678,2.1147723087224186,c3
"(Node2*, Node1*)",301,2.535024185947632,2.1147723087224186,c3
"(Node2*, Node1*)",311,2.5350241859426,2.1147723087224186,c3
"(Node2*, Node1*)",333,2.535024185941877,2.1147723087224186,c3
"(Node2*, Node1*)",361,0.05599915487439058,2.1147723087224186,c3
"(Node2*, Node1*)",396,0.05599915489174878,2.1147723087224186,c3
"(Node2*, Node1*)",399,1.0082314274843283,2.1147723087224186,c3
"(Node2*, Node1*)",436,2.9582465770382815,2.1147723087224186,c3
"(Node2*, Node1*)",462,2.5350241859418774,2.1147723087224186,c3
"(Node2*, Node1*)",494,0.05604175428853042,2.1147723087224186,c3
"(Node2*, Node1*)",509,0.05599915490971413,2.1147723087224186,c3
"(Node2*, Node1*)",527,-0.9861026607165917,2.1147723087224186,c3
"(Node2*, Node1*)",541,2.8378832661596594,2.1147723087224186,c3
"(Node2*, Node1*)",548,2.9582465770273854,2.1147723087224186,c3
"(Node2*, Node1*)",555,0.7947927247488009,2.1147723087224186,c3
"(Node2*, Node1*)",590,0.18839972852670264,2.1147723087224186,c3
"(Node2*, Node1*)",633,2.9582465770795863,2.1147723087224186,c3
"(Node2*, Node1*)",636,0.05599915588445923,2.1147723087224186,c3
"(Node2*, Node1*)",641,2.6262183599120092,2.1147723087224186,c3
"(Node2*, Node1*)",647,0.32518455749666,2.1147723087224186,c3
"(Node2*, Node1*)",659,0.47716472065575,2.1147723087224186,c3
"(Node2*, Node1*)",671,2.0223384291102624,2.1147723087224186,c3
"(Node2*, Node1*)",704,2.958246577038964,2.1147723087224186,c3
"(Node2*, Node1*)",735,2.958246577038281,2.1147723087224186,c3
"(Node2*, Node1*)",746,2.9582465770277464,2.1147723087224186,c3
"(Node2*, Node1*)",757,0.05599915487443857,2.1147723087224186,c3
"(Node2*, Node1*)",770,2.9582465770389654,2.1147723087224186,c3
"(Node2*, Node1*)",772,0.7947927244191197,2.1147723087224186,c3
"(Node2*, Node1*)",862,1.0140882544308993,2.1147723087224186,c3
"(Node2*, Node1*)",876,0.055999154874816104,2.1147723087224186,c3
"(Node2*, Node1*)",937,-0.986041255600863,2.1147723087224186,c3
"(Node2*, Node1*)",948,2.958246577395303,2.1147723087224186,c3
"(Node2*, Node1*)",954,2.5350241859478553,2.1147723087224186,c3
"(Node2*, Node1*)",969,2.5350241861098795,2.1147723087224186,c3
"(Node2*, Node1*)",986,2.9582465770430906,2.1147723087224186,c3
"(Node3*, Node2*)",0,2.959396182794017,2.220453959839196,c3
"(Node3*, Node2*)",12,2.542129921253915,2.220453959839196,c3
"(Node3*, Node2*)",69,2.9593961824937263,2.220453959839196,c3
"(Node3*, Node2*)",84,2.959396182514257,2.220453959839196,c3
"(Node3*, Node2*)",110,0.30734927953508634,2.220453959839196,c3
"(Node3*, Node2*)",116,2.5421298345876453,2.220453959839196,c3
"(Node3*, Node2*)",160,2.542129921254002,2.220453959839196,c3
"(Node3*, Node2*)",300,-0.9864153600893205,2.220453959839196,c3
"(Node3*, Node2*)",301,0.05130044855950839,2.220453959839196,c3
"(Node3*, Node2*)",311,0.051300448559456036,2.220453959839196,c3
"(Node3*, Node2*)",333,0.05130044855945046,2.220453959839196,c3
"(Node3*, Node2*)",361,2.5421299212537716,2.220453959839196,c3
"(Node3*, Node2*)",396,2.542129923639388,2.220453959839196,c3
"(Node3*, Node2*)",399,-0.9864153599621956,2.220453959839196,c3
"(Node3*, Node2*)",436,2.959396182508388,2.220453959839196,c3
"(Node3*, Node2*)",462,0.05130044855945065,2.220453959839196,c3
"(Node3*, Node2*)",494,2.5400983474633647,2.220453959839196,c3
"(Node3*, Node2*)",509,2.5421299197649447,2.220453959839196,c3
"(Node3*, Node2*)",527,1.195061472376627,2.220453959839196,c3
"(Node3*, Node2*)",541,2.813478699673767,2.220453959839196,c3
"(Node3*, Node2*)",548,2.959396182495089,2.220453959839196,c3
"(Node3*, Node2*)",555,0.6020393708846529,2.220453959839196,c3
"(Node3*, Node2*)",590,-0.9774641752079624,2.220453959839196,c3
"(Node3*, Node2*)",633,2.959396182558796,2.220453959839196,c3
"(Node3*, Node2*)",636,2.5421300735252395,2.220453959839196,c3
"(Node3*, Node2*)",641,2.5615165544080325,2.220453959839196,c3
"(Node3*, Node2*)",647,0.0458181084474667,2.220453959839196,c3
"(Node3*, Node2*)",659,-0.9794835480506758,2.220453959839196,c3
"(Node3*, Node2*)",671,1.8735863693421277,2.220453959839196,c3
"(Node3*, Node2*)",704,2.959396182509221,2.220453959839196,c3
"(Node3*, Node2*)",735,2.959396182508388,2.220453959839196,c3
"(Node3*, Node2*)",746,2.959396182495532,2.220453959839196,c3
"(Node3*, Node2*)",757,2.5421299212597788,2.220453959839196,c3
"(Node3*, Node2*)",770,2.959396182509221,2.220453959839196,c3
"(Node3*, Node2*)",772,0.602039370563918,2.220453959839196,c3
"(Node3*, Node2*)",862,-0.9864904112671032,2.220453959839196,c3
"(Node3*, Node2*)",876,2.5421299213048476,2.220453959839196,c3
"(Node3*, Node2*)",937,1.1894285905068234,2.220453959839196,c3
"(Node3*, Node2*)",948,2.9593961829440985,2.220453959839196,c3
"(Node3*, Node2*)",954,0.05130044855981819,2.220453959839196,c3
"(Node3*, Node2*)",969,0.05130044856108459,2.220453959839196,c3
"(Node3*, Node2*)",986,2.9593961825142583,2.220453959839196,c3
"(Node4*, Node2*)",0,2.941121621182443,2.0584484123087585,c3
"(Node4*, Node2*)",12,2.4819594425714255,2.0584484123087585,c3
"(Node4*, Node2*)",69,2.941121616690104,2.0584484123087585,c3
"(Node4*, Node2*)",84,2.94112161699725,2.0584484123087585,c3
"(Node4*, Node2*)",110,0.36045118840568385,2.0584484123087585,c3
"(Node4*, Node2*)",116,2.4819594511736303,2.0584484123087585,c3
"(Node4*, Node2*)",160,2.4819594425714264,2.0584484123087585,c3
"(Node4*, Node2*)",300,0.7014045062819095,2.0584484123087585,c3
"(Node4*, Node2*)",301,2.3872166386886176,2.0584484123087585,c3
"(Node4*, Node2*)",311,2.387216638681768,2.0584484123087585,c3
"(Node4*, Node2*)",333,2.387216638680863,2.0584484123087585,c3
"(Node4*, Node2*)",361,2.4819594425712452,2.0584484123087585,c3
"(Node4*, Node2*)",396,2.4819594457346974,2.0584484123087585,c3
"(Node4*, Node2*)",399,0.701404505809935,2.0584484123087585,c3
"(Node4*, Node2*)",436,2.94112161690944,2.0584484123087585,c3
"(Node4*, Node2*)",462,2.3872166386808624,2.0584484123087585,c3
"(Node4*, Node2*)",494,2.4820783004130025,2.0584484123087585,c3
"(Node4*, Node2*)",509,2.4819594428605023,2.0584484123087585,c3
"(Node4*, Node2*)",527,1.0753345513531054,2.0584484123087585,c3
"(Node4*, Node2*)",541,1.4806784687979637,2.0584484123087585,c3
"(Node4*, Node2*)",548,2.9411216167104874,2.0584484123087585,c3
"(Node4*, Node2*)",555,-0.9807952060476843,2.0584484123087585,c3
"(Node4*, Node2*)",590,0.12924600942741887,2.0584484123087585,c3
"(Node4*, Node2*)",633,2.9411216176635446,2.0584484123087585,c3
"(Node4*, Node2*)",636,2.481959639690395,2.0584484123087585,c3
"(Node4*, Node2*)",641,0.40706900175114047,2.0584484123087585,c3
"(Node4*, Node2*)",647,-0.9729995098451756,2.0584484123087585,c3
"(Node4*, Node2*)",659,0.1188965353059081,2.0584484123087585,c3
"(Node4*, Node2*)",671,-0.5288853239008253,2.0584484123087585,c3
"(Node4*, Node2*)",704,2.941121616921907,2.0584484123087585,c3
"(Node4*, Node2*)",735,2.941121616909441,2.0584484123087585,c3
"(Node4*, Node2*)",746,2.9411216167170995,2.0584484123087585,c3
"(Node4*, Node2*)",757,2.481959442579457,2.0584484123087585,c3
"(Node4*, Node2*)",770,2.941121616921909,2.0584484123087585,c3
"(Node4*, Node2*)",772,-0.9807952061070263,2.0584484123087585,c3
"(Node4*, Node2*)",862,0.7007715375324889,2.0584484123087585,c3
"(Node4*, Node2*)",876,2.4819594426416294,2.0584484123087585,c3
"(Node4*, Node2*)",937,1.0758468010980382,2.0584484123087585,c3
"(Node4*, Node2*)",948,2.941121623427658,2.0584484123087585,c3
"(Node4*, Node2*)",954,2.387216638701439,2.0584484123087585,c3
"(Node4*, Node2*)",969,2.3872166389045217,2.0584484123087585,c3
"(Node4*, Node2*)",986,2.941121616997252,2.0584484123087585,c3
"(A3, Node3*)",0,2.973777331111117,2.61911055176229,c3
"(A3, Node3*)",12,2.95268191232346,2.61911055176229,c3
"(A3, Node3*)",69,2.973777331097384,2.61911055176229,c3
"(A3, Node3*)",84,2.973777331098322,2.61911055176229,c3
"(A3, Node3*)",110,2.665852112268281,2.61911055176229,c3
"(A3, Node3*)",116,2.95268190748006,2.61911055176229,c3
"(A3, Node3*)",160,2.952681912323464,2.61911055176229,c3
"(A3, Node3*)",300,1.136486208963747,2.61911055176229,c3
"(A3, Node3*)",301,-0.9912601045992024,2.61911055176229,c3
"(A3, Node3*)",311,-0.9912601045991964,2.61911055176229,c3
"(A3, Node3*)",333,-0.9912601045991954,2.61911055176229,c3
"(A3, Node3*)",361,2.952681912323452,2.61911055176229,c3
"(A3, Node3*)",396,2.952681912456774,2.61911055176229,c3
"(A3, Node3*)",399,1.1364862095663995,2.61911055176229,c3
"(A3, Node3*)",436,2.9737773310980553,2.61911055176229,c3
"(A3, Node3*)",462,-0.9912601045991957,2.61911055176229,c3
"(A3, Node3*)",494,2.9525683182304783,2.61911055176229,c3
"(A3, Node3*)",509,2.9526819122402475,2.61911055176229,c3
"(A3, Node3*)",527,2.838564519826344,2.61911055176229,c3
"(A3, Node3*)",541,2.9668735537493034,2.61911055176229,c3
"(A3, Node3*)",548,2.9737773310974465,2.61911055176229,c3
"(A3, Node3*)",555,2.7400334875375965,2.61911055176229,c3
"(A3, Node3*)",590,1.1780544737509826,2.61911055176229,c3
"(A3, Node3*)",633,2.9737773311003592,2.61911055176229,c3
"(A3, Node3*)",636,2.95268192083324,2.61911055176229,c3
"(A3, Node3*)",641,2.9537600661717405,2.61911055176229,c3
"(A3, Node3*)",647,2.5749710819402343,2.61911055176229,c3
"(A3, Node3*)",659,1.1688255912568943,2.61911055176229,c3
"(A3, Node3*)",671,2.907727292553701,2.61911055176229,c3
"(A3, Node3*)",704,2.9737773310980917,2.61911055176229,c3
"(A3, Node3*)",735,2.9737773310980544,2.61911055176229,c3
"(A3, Node3*)",746,2.973777331097467,2.61911055176229,c3
"(A3, Node3*)",757,2.952681912323787,2.61911055176229,c3
"(A3, Node3*)",770,2.973777331098092,2.61911055176229,c3
"(A3, Node3*)",772,2.740033487468647,2.61911055176229,c3
"(A3, Node3*)",862,1.1361303588866007,2.61911055176229,c3
"(A3, Node3*)",876,2.952681912326307,2.61911055176229,c3
"(A3, Node3*)",937,2.837839595530869,2.61911055176229,c3
"(A3, Node3*)",948,2.973777331117981,2.61911055176229,c3
"(A3, Node3*)",954,-0.9912601045992009,2.61911055176229,c3
"(A3, Node3*)",969,-0.9912601045993974,2.61911055176229,c3
"(A3, Node3*)",986,2.9737773310983235,2.61911055176229,c3
"(A4, Node3*)",0,2.99031689079487,2.5591177429049576,c3
"(A4, Node3*)",12,2.9824683926251767,2.5591177429049576,c3
"(A4, Node3*)",69,2.990316890789778,2.5591177429049576,c3
"(A4, Node3*)",84,2.9903168907901256,2.5591177429049576,c3
"(A4, Node3*)",110,2.87027037429283,2.5591177429049576,c3
"(A4, Node3*)",116,2.9824683908171488,2.5591177429049576,c3
"(A4, Node3*)",160,2.982468392625179,2.5591177429049576,c3
"(A4, Node3*)",300,2.0285823595468417,2.5591177429049576,c3
"(A4, Node3*)",301,-0.1211275633136908,2.5591177429049576,c3
"(A4, Node3*)",311,-0.12112756331417573,2.5591177429049576,c3
"(A4, Node3*)",333,-0.1211275633142461,2.5591177429049576,c3
"(A4, Node3*)",361,2.9824683926251745,2.5591177429049576,c3
"(A4, Node3*)",396,2.982468392674943,2.5591177429049576,c3
"(A4, Node3*)",399,2.0285823599921695,2.5591177429049576,c3
"(A4, Node3*)",436,2.9903168907900275,2.5591177429049576,c3
"(A4, Node3*)",462,-0.12112756331424607,2.5591177429049576,c3
"(A4, Node3*)",494,2.9824259874728596,2.5591177429049576,c3
"(A4, Node3*)",509,2.982468392594114,2.5591177429049576,c3
"(A4, Node3*)",527,2.939080119967179,2.5591177429049576,c3
"(A4, Node3*)",541,2.987754149692202,2.5591177429049576,c3
"(A4, Node3*)",548,2.9903168907898023,2.5591177429049576,c3
"(A4, Node3*)",555,2.9003047337937575,2.5591177429049576,c3
"(A4, Node3*)",590,2.0590156019447927,2.5591177429049576,c3
"(A4, Node3*)",633,2.9903168907908824,2.5591177429049576,c3
"(A4, Node3*)",636,2.982468395801856,2.5591177429049576,c3
"(A4, Node3*)",641,2.9828707956125333,2.5591177429049576,c3
"(A4, Node3*)",647,2.832445530350295,2.5591177429049576,c3
"(A4, Node3*)",659,2.052307497661464,2.5591177429049576,c3
"(A4, Node3*)",671,2.965565936886722,2.5591177429049576,c3
"(A4, Node3*)",704,2.9903168907900404,2.5591177429049576,c3
"(A4, Node3*)",735,2.990316890790027,2.5591177429049576,c3
"(A4, Node3*)",746,2.990316890789809,2.5591177429049576,c3
"(A4, Node3*)",757,2.982468392625299,2.5591177429049576,c3
"(A4, Node3*)",770,2.9903168907900417,2.5591177429049576,c3
"(A4, Node3*)",772,2.9003047337661827,2.5591177429049576,c3
"(A4, Node3*)",862,2.0283193846077454,2.5591177429049576,c3
"(A4, Node3*)",876,2.9824683926262407,2.5591177429049576,c3
"(A4, Node3*)",937,2.9387993635157237,2.5591177429049576,c3
"(A4, Node3*)",948,2.9903168907974154,2.5591177429049576,c3
"(A4, Node3*)",954,-0.12112756331373398,2.5591177429049576,c3
"(A4, Node3*)",969,-0.12112756329801118,2.5591177429049576,c3
"(A4, Node3*)",986,2.990316890790128,2.5591177429049576,c3
"(Node5*, Node4*)",0,2.4816053783843786,1.4645788465110985,c3
"(Node5*, Node4*)",12,2.089437305318472,1.4645788465110985,c3
"(Node5*, Node4*)",69,2.4816052860067903,1.4645788465110985,c3
"(Node5*, Node4*)",84,2.4816052923227847,1.4645788465110985,c3
"(Node5*, Node4*)",110,0.21970349618583868,1.4645788465110985,c3
"(Node5*, Node4*)",116,2.0894354776879527,1.4645788465110985,c3
"(Node5*, Node4*)",160,2.0894373053204607,1.4645788465110985,c3
"(Node5*, Node4*)",300,0.4684376003240542,1.4645788465110985,c3
"(Node5*, Node4*)",301,2.0094227211863926,1.4645788465110985,c3
"(Node5*, Node4*)",311,2.009422720941083,1.4645788465110985,c3
"(Node5*, Node4*)",333,2.0094227209070987,1.4645788465110985,c3
"(Node5*, Node4*)",361,2.089437305312127,1.4645788465110985,c3
"(Node5*, Node4*)",396,2.0894374129024786,1.4645788465110985,c3
"(Node5*, Node4*)",399,0.46843739329738043,1.4645788465110985,c3
"(Node5*, Node4*)",436,2.48160529051708,1.4645788465110985,c3
"(Node5*, Node4*)",462,2.009422720907099,1.4645788465110985,c3
"(Node5*, Node4*)",494,2.045799401093794,1.4645788465110985,c3
"(Node5*, Node4*)",509,2.0894372762990145,1.4645788465110985,c3
"(Node5*, Node4*)",527,0.8959725635833209,1.4645788465110985,c3
"(Node5*, Node4*)",541,1.2492751148414871,1.4645788465110985,c3
"(Node5*, Node4*)",548,2.48160528642593,1.4645788465110985,c3
"(Node5*, Node4*)",555,-0.8370907559571589,1.4645788465110985,c3
"(Node5*, Node4*)",590,0.021736329938147253,1.4645788465110985,c3
"(Node5*, Node4*)",633,2.481605306023995,1.4645788465110985,c3
"(Node5*, Node4*)",636,2.089444091830359,1.4645788465110985,c3
"(Node5*, Node4*)",641,0.3393884586772482,1.4645788465110985,c3
"(Node5*, Node4*)",647,-0.8309737589628641,1.4645788465110985,c3
"(Node5*, Node4*)",659,0.08910111343206212,1.4645788465110985,c3
"(Node5*, Node4*)",671,-0.38372493610785274,1.4645788465110985,c3
"(Node5*, Node4*)",704,2.481605290773482,1.4645788465110985,c3
"(Node5*, Node4*)",735,2.481605290517079,1.4645788465110985,c3
"(Node5*, Node4*)",746,2.4816052865618925,1.4645788465110985,c3
"(Node5*, Node4*)",757,2.0894373055872224,1.4645788465110985,c3
"(Node5*, Node4*)",770,2.4816052907734827,1.4645788465110985,c3
"(Node5*, Node4*)",772,-0.8370907548143978,1.4645788465110985,c3
"(Node5*, Node4*)",862,0.5801525511657439,1.4645788465110985,c3
"(Node5*, Node4*)",876,2.0894373076603396,1.4645788465110985,c3
"(Node5*, Node4*)",937,0.7859935232826929,1.4645788465110985,c3
"(Node5*, Node4*)",948,2.481605424553507,1.4645788465110985,c3
"(Node5*, Node4*)",954,2.009422721402639,1.4645788465110985,c3
"(Node5*, Node4*)",969,2.0094227290151028,1.4645788465110985,c3
"(Node5*, Node4*)",986,2.4816052923227856,1.4645788465110985,c3
"(Node8*, Node4*)",0,-0.999671468342423,2.751795700156528,c3
"(Node8*, Node4*)",12,-0.9995763855872699,2.751795700156528,c3
"(Node8*, Node4*)",69,-0.9996748842009996,2.751795700156528,c3
"(Node8*, Node4*)",84,-0.9996746506536395,2.751795700156528,c3
"(Node8*, Node4*)",110,-0.9501501181025805,2.751795700156528,c3
"(Node8*, Node4*)",116,-0.9995733413543411,2.751795700156528,c3
"(Node8*, Node4*)",160,-0.9995763855822699,2.751795700156528,c3
"(Node8*, Node4*)",300,-0.9916116485855797,2.751795700156528,c3
"(Node8*, Node4*)",301,-0.9995661724888252,2.751795700156528,c3
"(Node8*, Node4*)",311,-0.9995661787892596,2.751795700156528,c3
"(Node8*, Node4*)",333,-0.9995661796266988,2.751795700156528,c3
"(Node8*, Node4*)",361,-0.9995763857492527,2.751795700156528,c3
"(Node8*, Node4*)",396,-0.9995735700865533,2.751795700156528,c3
"(Node8*, Node4*)",399,-0.9916143897730725,2.751795700156528,c3
"(Node8*, Node4*)",436,-0.999674717423434,2.751795700156528,c3
"(Node8*, Node4*)",462,-0.9995661796266986,2.751795700156528,c3
"(Node8*, Node4*)",494,-0.9988695494802339,2.751795700156528,c3
"(Node8*, Node4*)",509,-0.9995762128081105,2.751795700156528,c3
"(Node8*, Node4*)",527,-0.999119188665254,2.751795700156528,c3
"(Node8*, Node4*)",541,-0.9970642495702801,2.751795700156528,c3
"(Node8*, Node4*)",548,-0.9996748687024419,2.751795700156528,c3
"(Node8*, Node4*)",555,-0.9932713937307323,2.751795700156528,c3
"(Node8*, Node4*)",590,-0.9295468513902753,2.751795700156528,c3
"(Node8*, Node4*)",633,-0.9996741440221963,2.751795700156528,c3
"(Node8*, Node4*)",636,-0.9994007572463874,2.751795700156528,c3
"(Node8*, Node4*)",641,-0.9950778308675463,2.751795700156528,c3
"(Node8*, Node4*)",647,-0.9911294478169972,2.751795700156528,c3
"(Node8*, Node4*)",659,-0.9984155588219605,2.751795700156528,c3
"(Node8*, Node4*)",671,-0.23862940192254772,2.751795700156528,c3
"(Node8*, Node4*)",704,-0.9996747079424095,2.751795700156528,c3
"(Node8*, Node4*)",735,-0.9996747174234337,2.751795700156528,c3
"(Node8*, Node4*)",746,-0.9996748636748962,2.751795700156528,c3
"(Node8*, Node4*)",757,-0.9995763784489909,2.751795700156528,c3
"(Node8*, Node4*)",770,-0.99967470794241,2.751795700156528,c3
"(Node8*, Node4*)",772,-0.9932714112447153,2.751795700156528,c3
"(Node8*, Node4*)",862,-0.9989437833553361,2.751795700156528,c3
"(Node8*, Node4*)",876,-0.9995763232030521,2.751795700156528,c3
"(Node8*, Node4*)",937,-0.994172661604762,2.751795700156528,c3
"(Node8*, Node4*)",948,-0.9996697611399741,2.751795700156528,c3
"(Node8*, Node4*)",954,-0.9995661612536704,2.751795700156528,c3
"(Node8*, Node4*)",969,-0.9995659736681333,2.751795700156528,c3
"(Node8*, Node4*)",986,-0.9996746506536403,2.751795700156528,c3
"(Node6*, Node5*)",0,2.985509139018995,2.7495460998346575,c3
"(Node6*, Node5*)",12,2.9773637156859,2.7495460998346575,c3
"(Node6*, Node5*)",69,2.985509137312665,2.7495460998346575,c3
"(Node6*, Node5*)",84,2.985509137429328,2.7495460998346575,c3
"(Node6*, Node5*)",110,-0.9909158992925298,2.7495460998346575,c3
"(Node6*, Node5*)",116,2.9773636730009425,2.7495460998346575,c3
"(Node6*, Node5*)",160,2.977363715685946,2.7495460998346575,c3
"(Node6*, Node5*)",300,2.8993915412059232,2.7495460998346575,c3
"(Node6*, Node5*)",301,2.9754462555822374,2.7495460998346575,c3
"(Node6*, Node5*)",311,2.975446255576204,2.7495460998346575,c3
"(Node6*, Node5*)",333,2.9754462555753687,2.7495460998346575,c3
"(Node6*, Node5*)",361,2.9773637156857524,2.7495460998346575,c3
"(Node6*, Node5*)",396,2.9773637181985606,2.7495460998346575,c3
"(Node6*, Node5*)",399,2.8993915206964944,2.7495460998346575,c3
"(Node6*, Node5*)",436,2.9855091373959755,2.7495460998346575,c3
"(Node6*, Node5*)",462,2.9754462555753696,2.7495460998346575,c3
"(Node6*, Node5*)",494,2.9763302244347383,2.7495460998346575,c3
"(Node6*, Node5*)",509,2.97736371500814,2.7495460998346575,c3
"(Node6*, Node5*)",527,2.9324951236479126,2.7495460998346575,c3
"(Node6*, Node5*)",541,-0.9953285671672469,2.7495460998346575,c3
"(Node6*, Node5*)",548,2.9855091373204066,2.7495460998346575,c3
"(Node6*, Node5*)",555,2.017536877271071,2.7495460998346575,c3
"(Node6*, Node5*)",590,-0.9895556332194841,2.7495460998346575,c3
"(Node6*, Node5*)",633,2.9855091376824077,2.7495460998346575,c3
"(Node6*, Node5*)",636,2.977363874186854,2.7495460998346575,c3
"(Node6*, Node5*)",641,-0.11381364794030757,2.7495460998346575,c3
"(Node6*, Node5*)",647,2.0449621694943603,2.7495460998346575,c3
"(Node6*, Node5*)",659,2.8494221994280737,2.7495460998346575,c3
"(Node6*, Node5*)",671,-0.5958699893898305,2.7495460998346575,c3
"(Node6*, Node5*)",704,2.98550913740071,2.7495460998346575,c3
"(Node6*, Node5*)",735,2.9855091373959755,2.7495460998346575,c3
"(Node6*, Node5*)",746,2.9855091373229183,2.7495460998346575,c3
"(Node6*, Node5*)",757,2.977363715692176,2.7495460998346575,c3
"(Node6*, Node5*)",770,2.985509137400711,2.7495460998346575,c3
"(Node6*, Node5*)",772,2.0175368825342685,2.7495460998346575,c3
"(Node6*, Node5*)",862,2.90970561894878,2.7495460998346575,c3
"(Node6*, Node5*)",876,2.977363715740596,2.7495460998346575,c3
"(Node6*, Node5*)",937,2.925443281445018,2.7495460998346575,c3
"(Node6*, Node5*)",948,2.9855091398717972,2.7495460998346575,c3
"(Node6*, Node5*)",954,2.975446255587555,2.7495460998346575,c3
"(Node6*, Node5*)",969,2.975446255774731,2.7495460998346575,c3
"(Node6*, Node5*)",986,2.9855091374293297,2.7495460998346575,c3
"(Node7*, Node5*)",0,2.9821938677172497,2.6711971072407863,c3
"(Node7*, Node5*)",12,2.967808171767963,2.6711971072407863,c3
"(Node7*, Node5*)",69,2.982193864698941,2.6711971072407863,c3
"(Node7*, Node5*)",84,2.9821938649053075,2.6711971072407863,c3
"(Node7*, Node5*)",110,-0.4500747653352623,2.6711971072407863,c3
"(Node7*, Node5*)",116,2.9678080965002147,2.6711971072407863,c3
"(Node7*, Node5*)",160,2.9678081717680445,2.6711971072407863,c3
"(Node7*, Node5*)",300,2.8323553204150693,2.6711971072407863,c3
"(Node7*, Node5*)",301,2.964428303652257,2.6711971072407863,c3
"(Node7*, Node5*)",311,2.964428303641629,2.6711971072407863,c3
"(Node7*, Node5*)",333,2.9644283036401564,2.6711971072407863,c3
"(Node7*, Node5*)",361,2.9678081717677007,2.6711971072407863,c3
"(Node7*, Node5*)",396,2.9678081761986186,2.6711971072407863,c3
"(Node7*, Node5*)",399,2.8323552853143106,2.6711971072407863,c3
"(Node7*, Node5*)",436,2.9821938648463093,2.6711971072407863,c3
"(Node7*, Node5*)",462,2.964428303640157,2.6711971072407863,c3
"(Node7*, Node5*)",494,2.9659861469855837,2.6711971072407863,c3
"(Node7*, Node5*)",509,2.967808170572848,2.6711971072407863,c3
"(Node7*, Node5*)",527,2.889369069368213,2.6711971072407863,c3
"(Node7*, Node5*)",541,0.32063865361645416,2.6711971072407863,c3
"(Node7*, Node5*)",548,2.982193864712637,2.6711971072407863,c3
"(Node7*, Node5*)",555,1.5397965476538407,2.6711971072407863,c3
"(Node7*, Node5*)",590,-0.5433131907261441,2.6711971072407863,c3
"(Node7*, Node5*)",633,2.9821938653529765,2.6711971072407863,c3
"(Node7*, Node5*)",636,2.9678084512577656,2.6711971072407863,c3
"(Node7*, Node5*)",641,-0.9943460818395009,2.6711971072407863,c3
"(Node7*, Node5*)",647,1.5743776144523163,2.6711971072407863,c3
"(Node7*, Node5*)",659,2.7476402714063863,2.6711971072407863,c3
"(Node7*, Node5*)",671,-0.9829864273219355,2.6711971072407863,c3
"(Node7*, Node5*)",704,2.982193864854686,2.6711971072407863,c3
"(Node7*, Node5*)",735,2.9821938648463084,2.6711971072407863,c3
"(Node7*, Node5*)",746,2.982193864717078,2.6711971072407863,c3
"(Node7*, Node5*)",757,2.967808171779031,2.6711971072407863,c3
"(Node7*, Node5*)",770,2.982193864854687,2.6711971072407863,c3
"(Node7*, Node5*)",772,1.5397965542606713,2.6711971072407863,c3
"(Node7*, Node5*)",862,2.850041975345286,2.6711971072407863,c3
"(Node7*, Node5*)",876,2.967808171864409,2.6711971072407863,c3
"(Node7*, Node5*)",937,2.8771633504359615,2.6711971072407863,c3
"(Node7*, Node5*)",948,2.9821938692257612,2.6711971072407863,c3
"(Node7*, Node5*)",954,2.9644283036616264,2.6711971072407863,c3
"(Node7*, Node5*)",969,2.964428303991437,2.6711971072407863,c3
"(Node7*, Node5*)",986,2.9821938649053075,2.6711971072407863,c3
"(Node9*, Node8*)",0,-0.9923785784799666,2.7637719091746678,c3
"(Node9*, Node8*)",12,2.978858677268435,2.7637719091746678,c3
"(Node9*, Node8*)",69,2.9653704297124683,2.7637719091746678,c3
"(Node9*, Node8*)",84,2.6447385040031035,2.7637719091746678,c3
"(Node9*, Node8*)",110,2.9806511830140305,2.7637719091746678,c3
"(Node9*, Node8*)",116,-0.993550571219919,2.7637719091746678,c3
"(Node9*, Node8*)",160,2.980307105494292,2.7637719091746678,c3
"(Node9*, Node8*)",300,0.9888877414074652,2.7637719091746678,c3
"(Node9*, Node8*)",301,2.969085974474368,2.7637719091746678,c3
"(Node9*, Node8*)",311,2.978858677429887,2.7637719091746678,c3
"(Node9*, Node8*)",333,2.978858677274411,2.7637719091746678,c3
"(Node9*, Node8*)",361,2.9803071054632775,2.7637719091746678,c3
"(Node9*, Node8*)",396,0.9888877402893187,2.7637719091746678,c3
"(Node9*, Node8*)",399,2.8857743209133684,2.7637719091746678,c3
"(Node9*, Node8*)",436,2.628661292887791,2.7637719091746678,c3
"(Node9*, Node8*)",462,2.9788586772744097,2.7637719091746678,c3
"(Node9*, Node8*)",494,2.885774306822767,2.7637719091746678,c3
"(Node9*, Node8*)",509,0.8564533897446955,2.7637719091746678,c3
"(Node9*, Node8*)",527,2.697127878084498,2.7637719091746678,c3
"(Node9*, Node8*)",541,2.697127880000152,2.7637719091746678,c3
"(Node9*, Node8*)",548,2.6724649675585974,2.7637719091746678,c3
"(Node9*, Node8*)",555,2.697127882369558,2.7637719091746678,c3
"(Node9*, Node8*)",590,2.980651195016941,2.7637719091746678,c3
"(Node9*, Node8*)",633,2.1435219012788873,2.7637719091746678,c3
"(Node9*, Node8*)",636,-0.9935500115882098,2.7637719091746678,c3
"(Node9*, Node8*)",641,2.6971278802718173,2.7637719091746678,c3
"(Node9*, Node8*)",647,2.980651159073087,2.7637719091746678,c3
"(Node9*, Node8*)",659,2.9806511548069605,2.7637719091746678,c3
"(Node9*, Node8*)",671,2.9806515848196353,2.7637719091746678,c3
"(Node9*, Node8*)",704,2.604074997068382,2.7637719091746678,c3
"(Node9*, Node8*)",735,2.6286612928877906,2.7637719091746678,c3
"(Node9*, Node8*)",746,2.6286612680868737,2.7637719091746678,c3
"(Node9*, Node8*)",757,2.969085974468484,2.7637719091746678,c3
"(Node9*, Node8*)",770,2.604074997068383,2.7637719091746678,c3
"(Node9*, Node8*)",772,2.8857743100178843,2.7637719091746678,c3
"(Node9*, Node8*)",862,2.885774306782178,2.7637719091746678,c3
"(Node9*, Node8*)",876,2.885774316416686,2.7637719091746678,c3
"(Node9*, Node8*)",937,2.6971279130661046,2.7637719091746678,c3
"(Node9*, Node8*)",948,-0.45058789960779,2.7637719091746678,c3
"(Node9*, Node8*)",954,2.697127877842531,2.7637719091746678,c3
"(Node9*, Node8*)",969,2.6971279102423824,2.7637719091746678,c3
"(Node9*, Node8*)",986,2.644738504003103,2.7637719091746678,c3
"(B4, Node8*)",0,-0.9327804007278857,2.167927948818861,c3
"(B4, Node8*)",12,2.7876799138930477,2.167927948818861,c3
"(B4, Node8*)",69,2.7741201895831735,2.167927948818861,c3
"(B4, Node8*)",84,2.433034359168109,2.167927948818861,c3
"(B4, Node8*)",110,2.7899904023997917,2.167927948818861,c3
"(B4, Node8*)",116,-0.9338494863286246,2.167927948818861,c3
"(B4, Node8*)",160,2.789031655944015,2.167927948818861,c3
"(B4, Node8*)",300,0.7823385694641452,2.167927948818861,c3
"(B4, Node8*)",301,2.7770280682962234,2.167927948818861,c3
"(B4, Node8*)",311,2.7875002730608855,2.167927948818861,c3
"(B4, Node8*)",333,2.7876800371114463,2.167927948818861,c3
"(B4, Node8*)",361,2.7890675280381534,2.167927948818861,c3
"(B4, Node8*)",396,0.7816882394788092,2.167927948818861,c3
"(B4, Node8*)",399,2.6881474835568673,2.167927948818861,c3
"(B4, Node8*)",436,2.4300897870198552,2.167927948818861,c3
"(B4, Node8*)",462,2.787680037111446,2.167927948818861,c3
"(B4, Node8*)",494,2.699254443807634,2.167927948818861,c3
"(B4, Node8*)",509,0.7938411275627607,2.167927948818861,c3
"(B4, Node8*)",527,2.5210848695453496,2.167927948818861,c3
"(B4, Node8*)",541,2.5202509732704694,2.167927948818861,c3
"(B4, Node8*)",548,2.497778188302766,2.167927948818861,c3
"(B4, Node8*)",555,2.5199637873340373,2.167927948818861,c3
"(B4, Node8*)",590,2.790237196755649,2.167927948818861,c3
"(B4, Node8*)",633,1.9095038320695301,2.167927948818861,c3
"(B4, Node8*)",636,-0.9435014333938503,2.167927948818861,c3
"(B4, Node8*)",641,2.5211414362395392,2.167927948818861,c3
"(B4, Node8*)",647,2.789498243611002,2.167927948818861,c3
"(B4, Node8*)",659,2.7894105574268875,2.167927948818861,c3
"(B4, Node8*)",671,2.798269518526081,2.167927948818861,c3
"(B4, Node8*)",704,2.4058683245265255,2.167927948818861,c3
"(B4, Node8*)",735,2.430089787019855,2.167927948818861,c3
"(B4, Node8*)",746,2.456032131332907,2.167927948818861,c3
"(B4, Node8*)",757,2.7770278585679065,2.167927948818861,c3
"(B4, Node8*)",770,2.4058683245265264,2.167927948818861,c3
"(B4, Node8*)",772,2.6993256235670122,2.167927948818861,c3
"(B4, Node8*)",862,2.6992514781694568,2.167927948818861,c3
"(B4, Node8*)",876,2.6879937205340347,2.167927948818861,c3
"(B4, Node8*)",937,2.4867939160394177,2.167927948818861,c3
"(B4, Node8*)",948,-0.44809189228542134,2.167927948818861,c3
"(B4, Node8*)",954,2.5210786121133366,2.167927948818861,c3
"(B4, Node8*)",969,2.4866195699820666,2.167927948818861,c3
"(B4, Node8*)",986,2.4330343591681087,2.167927948818861,c3
"(A5, Node6*)",0,2.99383818470598,2.774137083846227,c3
"(A5, Node6*)",12,2.993662887214753,2.774137083846227,c3
"(A5, Node6*)",69,2.9938381846693307,2.774137083846227,c3
"(A5, Node6*)",84,2.993838184671836,2.774137083846227,c3
"(A5, Node6*)",110,1.1985103016852405,2.774137083846227,c3
"(A5, Node6*)",116,2.9936628862943353,2.774137083846227,c3
"(A5, Node6*)",160,2.9936628872147537,2.774137083846227,c3
"(A5, Node6*)",300,2.9919495081896263,2.774137083846227,c3
"(A5, Node6*)",301,2.9936215218939797,2.774137083846227,c3
"(A5, Node6*)",311,2.9936215218938496,2.774137083846227,c3
"(A5, Node6*)",333,2.993621521893831,2.774137083846227,c3
"(A5, Node6*)",361,2.9936628872147497,2.774137083846227,c3
"(A5, Node6*)",396,2.993662887268933,2.774137083846227,c3
"(A5, Node6*)",399,2.9919495077303533,2.774137083846227,c3
"(A5, Node6*)",436,2.9938381846711213,2.774137083846227,c3
"(A5, Node6*)",462,2.993621521893832,2.774137083846227,c3
"(A5, Node6*)",494,2.9936405964637594,2.774137083846227,c3
"(A5, Node6*)",509,2.993662887200138,2.774137083846227,c3
"(A5, Node6*)",527,2.9926848522295435,2.774137083846227,c3
"(A5, Node6*)",541,1.1556804462986228,2.774137083846227,c3
"(A5, Node6*)",548,2.993838184669498,2.774137083846227,c3
"(A5, Node6*)",555,2.966771868042213,2.774137083846227,c3
"(A5, Node6*)",590,1.2113320647917836,2.774137083846227,c3
"(A5, Node6*)",633,2.993838184677273,2.774137083846227,c3
"(A5, Node6*)",636,2.9936628906325167,2.774137083846227,c3
"(A5, Node6*)",641,2.7354684889524177,2.774137083846227,c3
"(A5, Node6*)",647,2.967761723455115,2.774137083846227,c3
"(A5, Node6*)",659,2.990816687643422,2.774137083846227,c3
"(A5, Node6*)",671,-0.6787347497702088,2.774137083846227,c3
"(A5, Node6*)",704,2.9938381846712208,2.774137083846227,c3
"(A5, Node6*)",735,2.993838184671121,2.774137083846227,c3
"(A5, Node6*)",746,2.993838184669551,2.774137083846227,c3
"(A5, Node6*)",757,2.993662887214888,2.774137083846227,c3
"(A5, Node6*)",770,2.9938381846712225,2.774137083846227,c3
"(A5, Node6*)",772,2.9667718682338013,2.774137083846227,c3
"(A5, Node6*)",862,2.9921798929411194,2.774137083846227,c3
"(A5, Node6*)",876,2.9936628872159328,2.774137083846227,c3
"(A5, Node6*)",937,2.992529198357352,2.774137083846227,c3
"(A5, Node6*)",948,2.993838184724298,2.774137083846227,c3
"(A5, Node6*)",954,2.9936215218940956,2.774137083846227,c3
"(A5, Node6*)",969,2.9936215218981346,2.774137083846227,c3
"(A5, Node6*)",986,2.9938381846718367,2.774137083846227,c3
"(A6, Node6*)",0,2.9926731337218904,2.801962766814932,c3
"(A6, Node6*)",12,2.992464754228106,2.801962766814932,c3
"(A6, Node6*)",69,2.9926731336783234,2.801962766814932,c3
"(A6, Node6*)",84,2.992673133681302,2.801962766814932,c3
"(A6, Node6*)",110,1.0256964141156149,2.801962766814932,c3
"(A6, Node6*)",116,2.9924647531339983,2.801962766814932,c3
"(A6, Node6*)",160,2.9924647542281075,2.801962766814932,c3
"(A6, Node6*)",300,2.990428209776305,2.801962766814932,c3
"(A6, Node6*)",301,2.9924155829813914,2.801962766814932,c3
"(A6, Node6*)",311,2.992415582981236,2.801962766814932,c3
"(A6, Node6*)",333,2.9924155829812156,2.801962766814932,c3
"(A6, Node6*)",361,2.9924647542281035,2.801962766814932,c3
"(A6, Node6*)",396,2.992464754292513,2.801962766814932,c3
"(A6, Node6*)",399,2.9904282092304517,2.801962766814932,c3
"(A6, Node6*)",436,2.9926731336804515,2.801962766814932,c3
"(A6, Node6*)",462,2.992415582981216,2.801962766814932,c3
"(A6, Node6*)",494,2.9924382570322465,2.801962766814932,c3
"(A6, Node6*)",509,2.992464754210734,2.801962766814932,c3
"(A6, Node6*)",527,2.991302208737629,2.801962766814932,c3
"(A6, Node6*)",541,0.9825282322537812,2.801962766814932,c3
"(A6, Node6*)",548,2.9926731336785215,2.801962766814932,c3
"(A6, Node6*)",555,2.960539791119229,2.801962766814932,c3
"(A6, Node6*)",590,1.0386508585065664,2.801962766814932,c3
"(A6, Node6*)",633,2.9926731336877648,2.801962766814932,c3
"(A6, Node6*)",636,2.9924647582908346,2.801962766814932,c3
"(A6, Node6*)",641,2.689252916192517,2.801962766814932,c3
"(A6, Node6*)",647,2.9617135062363213,2.801962766814932,c3
"(A6, Node6*)",659,2.9890819060408473,2.801962766814932,c3
"(A6, Node6*)",671,-0.986175193225933,2.801962766814932,c3
"(A6, Node6*)",704,2.992673133680572,2.801962766814932,c3
"(A6, Node6*)",735,2.992673133680452,2.801962766814932,c3
"(A6, Node6*)",746,2.9926731336785855,2.801962766814932,c3
"(A6, Node6*)",757,2.992464754228267,2.801962766814932,c3
"(A6, Node6*)",770,2.992673133680572,2.801962766814932,c3
"(A6, Node6*)",772,2.9605397913463922,2.801962766814932,c3
"(A6, Node6*)",862,2.990702028845193,2.801962766814932,c3
"(A6, Node6*)",876,2.992464754229509,2.801962766814932,c3
"(A6, Node6*)",937,2.9911172000226953,2.801962766814932,c3
"(A6, Node6*)",948,2.9926731337436654,2.801962766814932,c3
"(A6, Node6*)",954,2.992415582981529,2.801962766814932,c3
"(A6, Node6*)",969,2.99241558298633,2.801962766814932,c3
"(A6, Node6*)",986,2.9926731336813033,2.801962766814932,c3
"(A7, Node7*)",0,2.996927419551663,2.846743367504213,c3
"(A7, Node7*)",12,2.996674508855204,2.846743367504213,c3
"(A7, Node7*)",69,2.9969274194987854,2.846743367504213,c3
"(A7, Node7*)",84,2.9969274195024,2.846743367504213,c3
"(A7, Node7*)",110,2.6323011784670376,2.846743367504213,c3
"(A7, Node7*)",116,2.9966745075272962,2.846743367504213,c3
"(A7, Node7*)",160,2.996674508855205,2.846743367504213,c3
"(A7, Node7*)",300,2.994203051227132,2.846743367504213,c3
"(A7, Node7*)",301,2.996614830428645,2.846743367504213,c3
"(A7, Node7*)",311,2.996614830428456,2.846743367504213,c3
"(A7, Node7*)",333,2.9966148304284306,2.846743367504213,c3
"(A7, Node7*)",361,2.9966745088551994,2.846743367504213,c3
"(A7, Node7*)",396,2.9966745089333724,2.846743367504213,c3
"(A7, Node7*)",399,2.9942030505647823,2.846743367504213,c3
"(A7, Node7*)",436,2.9969274195013673,2.846743367504213,c3
"(A7, Node7*)",462,2.996614830428431,2.846743367504213,c3
"(A7, Node7*)",494,2.9966423495545973,2.846743367504213,c3
"(A7, Node7*)",509,2.996674508834119,2.846743367504213,c3
"(A7, Node7*)",527,2.995263629617675,2.846743367504213,c3
"(A7, Node7*)",541,2.864622003417227,2.846743367504213,c3
"(A7, Node7*)",548,2.9969274194990265,2.846743367504213,c3
"(A7, Node7*)",555,2.9579946025655355,2.846743367504213,c3
"(A7, Node7*)",590,2.562656647026142,2.846743367504213,c3
"(A7, Node7*)",633,2.996927419510244,2.846743367504213,c3
"(A7, Node7*)",636,2.9966745137860906,2.846743367504213,c3
"(A7, Node7*)",641,0.8524268088564608,2.846743367504213,c3
"(A7, Node7*)",647,2.9594142910093133,2.846743367504213,c3
"(A7, Node7*)",659,2.992569538399767,2.846743367504213,c3
"(A7, Node7*)",671,1.0262195701097803,2.846743367504213,c3
"(A7, Node7*)",704,2.996927419501513,2.846743367504213,c3
"(A7, Node7*)",735,2.996927419501367,2.846743367504213,c3
"(A7, Node7*)",746,2.9969274194991025,2.846743367504213,c3
"(A7, Node7*)",757,2.9966745088553988,2.846743367504213,c3
"(A7, Node7*)",770,2.996927419501514,2.846743367504213,c3
"(A7, Node7*)",772,2.957994602840288,2.846743367504213,c3
"(A7, Node7*)",862,2.9945353137763653,2.846743367504213,c3
"(A7, Node7*)",876,2.9966745088569064,2.846743367504213,c3
"(A7, Node7*)",937,2.9950391172383863,2.846743367504213,c3
"(A7, Node7*)",948,2.9969274195780904,2.846743367504213,c3
"(A7, Node7*)",954,2.9966148304288107,2.846743367504213,c3
"(A7, Node7*)",969,2.9966148304346385,2.846743367504213,c3
"(A7, Node7*)",986,2.996927419502401,2.846743367504213,c3
"(A8, Node7*)",0,2.9975955364197193,2.8589603082599986,c3
"(A8, Node7*)",12,2.9973975840508453,2.8589603082599986,c3
"(A8, Node7*)",69,2.997595536378333,2.8589603082599986,c3
"(A8, Node7*)",84,2.997595536381162,2.8589603082599986,c3
"(A8, Node7*)",110,2.7064319623810706,2.8589603082599986,c3
"(A8, Node7*)",116,2.997397583011483,2.8589603082599986,c3
"(A8, Node7*)",160,2.9973975840508458,2.8589603082599986,c3
"(A8, Node7*)",300,2.9954628955602702,2.8589603082599986,c3
"(A8, Node7*)",301,2.9973508731486387,2.8589603082599986,c3
"(A8, Node7*)",311,2.9973508731484917,2.8589603082599986,c3
"(A8, Node7*)",333,2.9973508731484717,2.8589603082599986,c3
"(A8, Node7*)",361,2.9973975840508413,2.8589603082599986,c3
"(A8, Node7*)",396,2.9973975841120284,2.8589603082599986,c3
"(A8, Node7*)",399,2.995462895041705,2.8589603082599986,c3
"(A8, Node7*)",436,2.9975955363803544,2.8589603082599986,c3
"(A8, Node7*)",462,2.997350873148472,2.8589603082599986,c3
"(A8, Node7*)",494,2.9973724126818384,2.8589603082599986,c3
"(A8, Node7*)",509,2.9973975840343416,2.8589603082599986,c3
"(A8, Node7*)",527,2.9962931935558395,2.8589603082599986,c3
"(A8, Node7*)",541,2.893291184755052,2.8589603082599986,c3
"(A8, Node7*)",548,2.9975955363785207,2.8589603082599986,c3
"(A8, Node7*)",555,2.967058689162489,2.8589603082599986,c3
"(A8, Node7*)",590,2.649473300963464,2.8589603082599986,c3
"(A8, Node7*)",633,2.9975955363873017,2.8589603082599986,c3
"(A8, Node7*)",636,2.9973975879102874,2.8589603082599986,c3
"(A8, Node7*)",641,1.097438962383763,2.8589603082599986,c3
"(A8, Node7*)",647,2.968174495031178,2.8589603082599986,c3
"(A8, Node7*)",659,2.9941838752876926,2.8589603082599986,c3
"(A8, Node7*)",671,1.2699221481091933,2.8589603082599986,c3
"(A8, Node7*)",704,2.9975955363804676,2.8589603082599986,c3
"(A8, Node7*)",735,2.997595536380353,2.8589603082599986,c3
"(A8, Node7*)",746,2.997595536378582,2.8589603082599986,c3
"(A8, Node7*)",757,2.997397584050998,2.8589603082599986,c3
"(A8, Node7*)",770,2.997595536380469,2.8589603082599986,c3
"(A8, Node7*)",772,2.9670586893784474,2.8589603082599986,c3
"(A8, Node7*)",862,2.995723025187149,2.8589603082599986,c3
"(A8, Node7*)",876,2.9973975840521785,2.8589603082599986,c3
"(A8, Node7*)",937,2.9961174369117023,2.8589603082599986,c3
"(A8, Node7*)",948,2.997595536440404,2.8589603082599986,c3
"(A8, Node7*)",954,2.9973508731487692,2.8589603082599986,c3
"(A8, Node7*)",969,2.9973508731533305,2.8589603082599986,c3
"(A8, Node7*)",986,2.997595536381163,2.8589603082599986,c3
"(Node10*, Node9*)",0,0.06200378243607638,1.7088663081873583,c3
"(Node10*, Node9*)",12,2.9212228457620495,1.7088663081873583,c3
"(Node10*, Node9*)",69,2.62812022440505,1.7088663081873583,c3
"(Node10*, Node9*)",84,0.16300844910431944,1.7088663081873583,c3
"(Node10*, Node9*)",110,2.963459499510129,1.7088663081873583,c3
"(Node10*, Node9*)",116,0.12861093242194677,1.7088663081873583,c3
"(Node10*, Node9*)",160,2.9552878805981635,1.7088663081873583,c3
"(Node10*, Node9*)",300,-0.9878198186811644,1.7088663081873583,c3
"(Node10*, Node9*)",301,2.7047653899459574,1.7088663081873583,c3
"(Node10*, Node9*)",311,2.9212228459193232,1.7088663081873583,c3
"(Node10*, Node9*)",333,2.9212228457622857,1.7088663081873583,c3
"(Node10*, Node9*)",361,2.955287880566588,1.7088663081873583,c3
"(Node10*, Node9*)",396,-0.9878198185828684,1.7088663081873583,c3
"(Node10*, Node9*)",399,1.48177264532419,1.7088663081873583,c3
"(Node10*, Node9*)",436,0.11746737187720108,1.7088663081873583,c3
"(Node10*, Node9*)",462,2.9212228457622857,1.7088663081873583,c3
"(Node10*, Node9*)",494,1.4817726385603818,1.7088663081873583,c3
"(Node10*, Node9*)",509,1.7648818140810514,1.7088663081873583,c3
"(Node10*, Node9*)",527,0.33327536168174726,1.7088663081873583,c3
"(Node10*, Node9*)",541,0.33327536201582303,1.7088663081873583,c3
"(Node10*, Node9*)",548,0.24857853349368353,1.7088663081873583,c3
"(Node10*, Node9*)",555,0.3332753621688385,1.7088663081873583,c3
"(Node10*, Node9*)",590,2.96345949998782,1.7088663081873583,c3
"(Node10*, Node9*)",633,-0.5803377957573801,1.7088663081873583,c3
"(Node10*, Node9*)",636,0.12861808728738897,1.7088663081873583,c3
"(Node10*, Node9*)",641,0.3332753617105014,1.7088663081873583,c3
"(Node10*, Node9*)",647,2.9634594985573313,1.7088663081873583,c3
"(Node10*, Node9*)",659,2.9634594983875493,1.7088663081873583,c3
"(Node10*, Node9*)",671,2.963459515501131,1.7088663081873583,c3
"(Node10*, Node9*)",704,0.0529007718692418,1.7088663081873583,c3
"(Node10*, Node9*)",735,0.11746737187720105,1.7088663081873583,c3
"(Node10*, Node9*)",746,0.11746736328162338,1.7088663081873583,c3
"(Node10*, Node9*)",757,2.704765389945807,1.7088663081873583,c3
"(Node10*, Node9*)",770,0.05290077186924177,1.7088663081873583,c3
"(Node10*, Node9*)",772,1.4817726386398622,1.7088663081873583,c3
"(Node10*, Node9*)",862,1.4817726385605268,1.7088663081873583,c3
"(Node10*, Node9*)",876,1.48177264524286,1.7088663081873583,c3
"(Node10*, Node9*)",937,0.3332753745628657,1.7088663081873583,c3
"(Node10*, Node9*)",948,-0.01827085017282845,1.7088663081873583,c3
"(Node10*, Node9*)",954,0.33327536167856625,1.7088663081873583,c3
"(Node10*, Node9*)",969,0.3332753745623739,1.7088663081873583,c3
"(Node10*, Node9*)",986,0.16300844910431916,1.7088663081873583,c3
"(B3, Node9*)",0,-0.06724837136864598,2.657760565829139,c3
"(B3, Node9*)",12,2.991391414988004,2.657760565829139,c3
"(B3, Node9*)",69,2.985868168726089,2.657760565829139,c3
"(B3, Node9*)",84,2.8476974221250937,2.657760565829139,c3
"(B3, Node9*)",110,2.992123738118385,2.657760565829139,c3
"(B3, Node9*)",116,0.07485918138863379,2.657760565829139,c3
"(B3, Node9*)",160,2.991983204285596,2.657760565829139,c3
"(B3, Node9*)",300,1.8355924127464314,2.657760565829139,c3
"(B3, Node9*)",301,2.9873918309724,2.657760565829139,c3
"(B3, Node9*)",311,2.99139141104853,2.657760565829139,c3
"(B3, Node9*)",333,2.9913914149882714,2.657760565829139,c3
"(B3, Node9*)",361,2.9919832050713975,2.657760565829139,c3
"(B3, Node9*)",396,1.835592380706408,2.657760565829139,c3
"(B3, Node9*)",399,2.952816309789195,2.657760565829139,c3
"(B3, Node9*)",436,2.8404030111127714,2.657760565829139,c3
"(B3, Node9*)",462,2.9913914149882714,2.657760565829139,c3
"(B3, Node9*)",494,2.9528165626124476,2.657760565829139,c3
"(B3, Node9*)",509,-0.9973745866388191,2.657760565829139,c3
"(B3, Node9*)",527,2.871216004254791,2.657760565829139,c3
"(B3, Node9*)",541,2.871215983871867,2.657760565829139,c3
"(B3, Node9*)",548,2.8601927165852636,2.657760565829139,c3
"(B3, Node9*)",555,2.8712159761575906,2.657760565829139,c3
"(B3, Node9*)",590,2.992123738635057,2.657760565829139,c3
"(B3, Node9*)",633,2.601510873797912,2.657760565829139,c3
"(B3, Node9*)",636,0.07486618665372012,2.657760565829139,c3
"(B3, Node9*)",641,2.8712160046985873,2.657760565829139,c3
"(B3, Node9*)",647,2.9921237370878337,2.657760565829139,c3
"(B3, Node9*)",659,2.992123736904196,2.657760565829139,c3
"(B3, Node9*)",671,2.992123755414339,2.657760565829139,c3
"(B3, Node9*)",704,2.8291758777606972,2.657760565829139,c3
"(B3, Node9*)",735,2.840403011112772,2.657760565829139,c3
"(B3, Node9*)",746,2.8404036490624684,2.657760565829139,c3
"(B3, Node9*)",757,2.9873918309702154,2.657760565829139,c3
"(B3, Node9*)",770,2.829175877760697,2.657760565829139,c3
"(B3, Node9*)",772,2.9528165629079193,2.657760565829139,c3
"(B3, Node9*)",862,2.9528165625629588,2.657760565829139,c3
"(B3, Node9*)",876,2.952816308163702,2.657760565829139,c3
"(B3, Node9*)",937,2.8712151760815603,2.657760565829139,c3
"(B3, Node9*)",948,-0.9896809312638124,2.657760565829139,c3
"(B3, Node9*)",954,2.871216004205697,2.657760565829139,c3
"(B3, Node9*)",969,2.8712151730456417,2.657760565829139,c3
"(B3, Node9*)",986,2.8476974221250924,2.657760565829139,c3
"(Node11*, Node10*)",0,0.611979766625359,1.9716592160022068,c3
"(Node11*, Node10*)",12,2.903070762747787,1.9716592160022068,c3
"(Node11*, Node10*)",69,2.5872861829556086,1.9716592160022068,c3
"(Node11*, Node10*)",84,-0.981232571696214,1.9716592160022068,c3
"(Node11*, Node10*)",110,2.948930130987251,1.9716592160022068,c3
"(Node11*, Node10*)",116,2.386627203129939,1.9716592160022068,c3
"(Node11*, Node10*)",160,2.9400506033327,1.9716592160022068,c3
"(Node11*, Node10*)",300,0.40568747099690555,1.9716592160022068,c3
"(Node11*, Node10*)",301,0.973810909302115,1.9716592160022068,c3
"(Node11*, Node10*)",311,2.9030707586986257,1.9716592160022068,c3
"(Node11*, Node10*)",333,2.9030707627478147,1.9716592160022068,c3
"(Node11*, Node10*)",361,2.940050604155207,1.9716592160022068,c3
"(Node11*, Node10*)",396,0.4056874715628674,1.9716592160022068,c3
"(Node11*, Node10*)",399,1.3921215300958345,1.9716592160022068,c3
"(Node11*, Node10*)",436,0.26453020841429176,1.9716592160022068,c3
"(Node11*, Node10*)",462,2.9030707627478143,1.9716592160022068,c3
"(Node11*, Node10*)",494,1.3921216317637193,1.9716592160022068,c3
"(Node11*, Node10*)",509,2.830883161315271,1.9716592160022068,c3
"(Node11*, Node10*)",527,-0.9829767107620013,1.9716592160022068,c3
"(Node11*, Node10*)",541,-0.9829767107279179,1.9716592160022068,c3
"(Node11*, Node10*)",548,-0.9821394439722464,1.9716592160022068,c3
"(Node11*, Node10*)",555,-0.9829767107147013,1.9716592160022068,c3
"(Node11*, Node10*)",590,2.9489301310216227,1.9716592160022068,c3
"(Node11*, Node10*)",633,-0.9465955494188878,1.9716592160022068,c3
"(Node11*, Node10*)",636,2.386631115405434,1.9716592160022068,c3
"(Node11*, Node10*)",641,-0.9829767107623139,1.9716592160022068,c3
"(Node11*, Node10*)",647,2.9489301309186957,1.9716592160022068,c3
"(Node11*, Node10*)",659,2.9489301309064793,1.9716592160022068,c3
"(Node11*, Node10*)",671,2.948930132137858,1.9716592160022068,c3
"(Node11*, Node10*)",704,0.19350830220189064,1.9716592160022068,c3
"(Node11*, Node10*)",735,0.26453020841429187,1.9716592160022068,c3
"(Node11*, Node10*)",746,0.2645302592969955,1.9716592160022068,c3
"(Node11*, Node10*)",757,0.9738109093021459,1.9716592160022068,c3
"(Node11*, Node10*)",770,0.19350830220189053,1.9716592160022068,c3
"(Node11*, Node10*)",772,1.3921216318303604,1.9716592160022068,c3
"(Node11*, Node10*)",862,1.3921216317445235,1.9716592160022068,c3
"(Node11*, Node10*)",876,1.3921215295167022,1.9716592160022068,c3
"(Node11*, Node10*)",937,-0.9829767093854077,1.9716592160022068,c3
"(Node11*, Node10*)",948,-0.9754302877513028,1.9716592160022068,c3
"(Node11*, Node10*)",954,-0.9829767107619669,1.9716592160022068,c3
"(Node11*, Node10*)",969,-0.9829767093809302,1.9716592160022068,c3
"(Node11*, Node10*)",986,-0.9812325716962147,1.9716592160022068,c3
"(Node12*, Node10*)",0,1.7728100444666757,2.0069373329324316,c3
"(Node12*, Node10*)",12,2.1226386377995077,2.0069373329324316,c3
"(Node12*, Node10*)",69,0.07824782470617428,2.0069373329324316,c3
"(Node12*, Node10*)",84,0.6570124899780176,2.0069373329324316,c3
"(Node12*, Node10*)",110,2.967508981798052,2.0069373329324316,c3
"(Node12*, Node10*)",116,2.641591564710907,2.0069373329324316,c3
"(Node12*, Node10*)",160,2.7743850760149718,2.0069373329324316,c3
"(Node12*, Node10*)",300,1.007090242288165,2.0069373329324316,c3
"(Node12*, Node10*)",301,2.811060158371041,2.0069373329324316,c3
"(Node12*, Node10*)",311,2.1226386379305047,2.0069373329324316,c3
"(Node12*, Node10*)",333,2.1226386377995157,2.0069373329324316,c3
"(Node12*, Node10*)",361,2.774385075983855,2.0069373329324316,c3
"(Node12*, Node10*)",396,1.007090242909212,2.0069373329324316,c3
"(Node12*, Node10*)",399,-0.9891696600914242,2.0069373329324316,c3
"(Node12*, Node10*)",436,-0.979220652176231,2.0069373329324316,c3
"(Node12*, Node10*)",462,2.1226386377995152,2.0069373329324316,c3
"(Node12*, Node10*)",494,-0.9891696608329885,2.0069373329324316,c3
"(Node12*, Node10*)",509,2.902693505849238,2.0069373329324316,c3
"(Node12*, Node10*)",527,0.837281557008058,2.0069373329324316,c3
"(Node12*, Node10*)",541,0.8372815541586837,2.0069373329324316,c3
"(Node12*, Node10*)",548,0.7559300210280305,2.0069373329324316,c3
"(Node12*, Node10*)",555,0.8372815530709402,2.0069373329324316,c3
"(Node12*, Node10*)",590,2.9675089818166636,2.0069373329324316,c3
"(Node12*, Node10*)",633,0.8250322957346632,2.0069373329324316,c3
"(Node12*, Node10*)",636,2.6415939919882914,2.0069373329324316,c3
"(Node12*, Node10*)",641,0.8372815570574269,2.0069373329324316,c3
"(Node12*, Node10*)",647,2.96750898176093,2.0069373329324316,c3
"(Node12*, Node10*)",659,2.9675089817543143,2.0069373329324316,c3
"(Node12*, Node10*)",671,2.9675089824210845,2.0069373329324316,c3
"(Node12*, Node10*)",704,-0.9783411647754673,2.0069373329324316,c3
"(Node12*, Node10*)",735,-0.9792206521762311,2.0069373329324316,c3
"(Node12*, Node10*)",746,-0.979220654220488,2.0069373329324316,c3
"(Node12*, Node10*)",757,2.8110601583700143,2.0069373329324316,c3
"(Node12*, Node10*)",770,-0.9783411647754667,2.0069373329324316,c3
"(Node12*, Node10*)",772,-0.9891696608330963,2.0069373329324316,c3
"(Node12*, Node10*)",862,-0.9891696608328533,2.0069373329324316,c3
"(Node12*, Node10*)",876,-0.9891696600877394,2.0069373329324316,c3
"(Node12*, Node10*)",937,0.8372814414794418,2.0069373329324316,c3
"(Node12*, Node10*)",948,0.16240274490029596,2.0069373329324316,c3
"(Node12*, Node10*)",954,0.8372815570025973,2.0069373329324316,c3
"(Node12*, Node10*)",969,0.8372814410727173,2.0069373329324316,c3
"(Node12*, Node10*)",986,0.6570124899780172,2.0069373329324316,c3
"(B1, Node11*)",0,0.5731960873847946,2.134737003279901,c3
"(B1, Node11*)",12,2.980619947892952,2.134737003279901,c3
"(B1, Node11*)",69,2.9659488396872797,2.134737003279901,c3
"(B1, Node11*)",84,0.8999580560716689,2.134737003279901,c3
"(B1, Node11*)",110,2.9825700507027597,2.134737003279901,c3
"(B1, Node11*)",116,2.9553275286527794,2.134737003279901,c3
"(B1, Node11*)",160,2.982195739327718,2.134737003279901,c3
"(B1, Node11*)",300,2.717925188071138,2.134737003279901,c3
"(B1, Node11*)",301,-0.994190016864793,2.134737003279901,c3
"(B1, Node11*)",311,2.980619947718899,2.134737003279901,c3
"(B1, Node11*)",333,2.980619947892954,2.134737003279901,c3
"(B1, Node11*)",361,2.9821957393624614,2.134737003279901,c3
"(B1, Node11*)",396,2.7179251882168174,2.134737003279901,c3
"(B1, Node11*)",399,2.8794896302277815,2.134737003279901,c3
"(B1, Node11*)",436,-0.985828777958256,2.134737003279901,c3
"(B1, Node11*)",462,2.9806199478929543,2.134737003279901,c3
"(B1, Node11*)",494,2.8794896408234116,2.134737003279901,c3
"(B1, Node11*)",509,2.977462979734853,2.134737003279901,c3
"(B1, Node11*)",527,0.8882555540779167,2.134737003279901,c3
"(B1, Node11*)",541,0.8882555543077897,2.134737003279901,c3
"(B1, Node11*)",548,0.8938883649847844,2.134737003279901,c3
"(B1, Node11*)",555,0.8882555543969255,2.134737003279901,c3
"(B1, Node11*)",590,2.9825700507042066,2.134737003279901,c3
"(B1, Node11*)",633,1.109724221917776,2.134737003279901,c3
"(B1, Node11*)",636,2.9553277469478862,2.134737003279901,c3
"(B1, Node11*)",641,0.8882555540758091,2.134737003279901,c3
"(B1, Node11*)",647,2.982570050699877,2.134737003279901,c3
"(B1, Node11*)",659,2.9825700506993633,2.134737003279901,c3
"(B1, Node11*)",671,2.9825700507511637,2.134737003279901,c3
"(B1, Node11*)",704,-0.026804613040138925,2.134737003279901,c3
"(B1, Node11*)",735,-0.9858287779582559,2.134737003279901,c3
"(B1, Node11*)",746,-0.9858287782499487,2.134737003279901,c3
"(B1, Node11*)",757,-0.9941900168647897,2.134737003279901,c3
"(B1, Node11*)",770,-0.026804613040138793,2.134737003279901,c3
"(B1, Node11*)",772,2.8794896408303567,2.134737003279901,c3
"(B1, Node11*)",862,2.8794896408214106,2.134737003279901,c3
"(B1, Node11*)",876,2.8794896301674253,2.134737003279901,c3
"(B1, Node11*)",937,0.8882555633621114,2.134737003279901,c3
"(B1, Node11*)",948,0.9380368507651771,2.134737003279901,c3
"(B1, Node11*)",954,0.8882555540781496,2.134737003279901,c3
"(B1, Node11*)",969,0.8882555633923084,2.134737003279901,c3
"(B1, Node11*)",986,0.8999580560716692,2.134737003279901,c3
"(B2, Node11*)",0,-0.9916625758340203,2.0290906922852887,c3
"(B2, Node11*)",12,2.979343644206716,2.0290906922852887,c3
"(B2, Node11*)",69,2.9637151543648175,2.0290906922852887,c3
"(B2, Node11*)",84,0.8361431486609296,2.0290906922852887,c3
"(B2, Node11*)",110,2.981421574694191,2.0290906922852887,c3
"(B2, Node11*)",116,2.9524054687922816,2.0290906922852887,c3
"(B2, Node11*)",160,2.9810227171098767,2.0290906922852887,c3
"(B2, Node11*)",300,2.7006497159793827,2.0290906922852887,c3
"(B2, Node11*)",301,1.0239340464400222,2.0290906922852887,c3
"(B2, Node11*)",311,2.9793436440212577,2.0290906922852887,c3
"(B2, Node11*)",333,2.979343644206718,2.0290906922852887,c3
"(B2, Node11*)",361,2.9810227171468986,2.0290906922852887,c3
"(B2, Node11*)",396,2.700649716133267,2.0290906922852887,c3
"(B2, Node11*)",399,2.871767780272648,2.0290906922852887,c3
"(B2, Node11*)",436,0.009909852459191404,2.0290906922852887,c3
"(B2, Node11*)",462,2.9793436442067174,2.0290906922852887,c3
"(B2, Node11*)",494,2.871767791524765,2.0290906922852887,c3
"(B2, Node11*)",509,2.9759800235250107,2.0290906922852887,c3
"(B2, Node11*)",527,0.8244922204354266,2.0290906922852887,c3
"(B2, Node11*)",541,0.8244922206642442,2.0290906922852887,c3
"(B2, Node11*)",548,0.8300996627851771,2.0290906922852887,c3
"(B2, Node11*)",555,0.824492220752971,2.0290906922852887,c3
"(B2, Node11*)",590,2.981421574695733,2.0290906922852887,c3
"(B2, Node11*)",633,1.045727091080677,2.0290906922852887,c3
"(B2, Node11*)",636,2.9524057011944196,2.0290906922852887,c3
"(B2, Node11*)",641,0.8244922204333288,2.0290906922852887,c3
"(B2, Node11*)",647,2.9814215746911192,2.0290906922852887,c3
"(B2, Node11*)",659,2.981421574690572,2.0290906922852887,c3
"(B2, Node11*)",671,2.9814215747457684,2.0290906922852887,c3
"(B2, Node11*)",704,-0.984920739500718,2.0290906922852887,c3
"(B2, Node11*)",735,0.00990985245919146,2.0290906922852887,c3
"(B2, Node11*)",746,0.009909883863881308,2.0290906922852887,c3
"(B2, Node11*)",757,1.0239340464395073,2.0290906922852887,c3
"(B2, Node11*)",770,-0.984920739500718,2.0290906922852887,c3
"(B2, Node11*)",772,2.8717677915321405,2.0290906922852887,c3
"(B2, Node11*)",862,2.8717677915226396,2.0290906922852887,c3
"(B2, Node11*)",876,2.8717677802085517,2.0290906922852887,c3
"(B2, Node11*)",937,0.8244922296769761,2.0290906922852887,c3
"(B2, Node11*)",948,0.8740843300783071,2.0290906922852887,c3
"(B2, Node11*)",954,0.8244922204356595,2.0290906922852887,c3
"(B2, Node11*)",969,0.8244922297070337,2.0290906922852887,c3
"(B2, Node11*)",986,0.8361431486609308,2.0290906922852887,c3
"(Node13*, Node12*)",0,2.9498667383737662,2.6130520658540344,c3
"(Node13*, Node12*)",12,-0.994166553520392,2.6130520658540344,c3
"(Node13*, Node12*)",69,-0.9794627655078693,2.6130520658540344,c3
"(Node13*, Node12*)",84,1.9452602312755656,2.6130520658540344,c3
"(Node13*, Node12*)",110,2.982499660549764,2.6130520658540344,c3
"(Node13*, Node12*)",116,2.9755259836437458,2.6130520658540344,c3
"(Node13*, Node12*)",160,2.8016736976520282,2.6130520658540344,c3
"(Node13*, Node12*)",300,2.911691187364403,2.6130520658540344,c3
"(Node13*, Node12*)",301,2.979287847196675,2.6130520658540344,c3
"(Node13*, Node12*)",311,-0.994166553508097,2.6130520658540344,c3
"(Node13*, Node12*)",333,-0.9941665535203921,2.6130520658540344,c3
"(Node13*, Node12*)",361,2.80167369803283,2.6130520658540344,c3
"(Node13*, Node12*)",396,2.911691187405346,2.6130520658540344,c3
"(Node13*, Node12*)",399,2.0875202273341187,2.6130520658540344,c3
"(Node13*, Node12*)",436,2.1125860725821166,2.6130520658540344,c3
"(Node13*, Node12*)",462,-0.9941665535203916,2.6130520658540344,c3
"(Node13*, Node12*)",494,2.087520225416797,2.6130520658540344,c3
"(Node13*, Node12*)",509,2.981197579362437,2.6130520658540344,c3
"(Node13*, Node12*)",527,2.8996346347487743,2.6130520658540344,c3
"(Node13*, Node12*)",541,2.899634634530892,2.6130520658540344,c3
"(Node13*, Node12*)",548,2.4026247481217897,2.6130520658540344,c3
"(Node13*, Node12*)",555,2.8996346344477173,2.6130520658540344,c3
"(Node13*, Node12*)",590,2.982499660550132,2.6130520658540344,c3
"(Node13*, Node12*)",633,-0.9248225193482911,2.6130520658540344,c3
"(Node13*, Node12*)",636,2.975526039801433,2.6130520658540344,c3
"(Node13*, Node12*)",641,2.89963463475255,2.6130520658540344,c3
"(Node13*, Node12*)",647,2.9824996605490295,2.6130520658540344,c3
"(Node13*, Node12*)",659,2.982499660548898,2.6130520658540344,c3
"(Node13*, Node12*)",671,2.9824996605620933,2.6130520658540344,c3
"(Node13*, Node12*)",704,2.11474038458104,2.6130520658540344,c3
"(Node13*, Node12*)",735,2.1125860725821166,2.6130520658540344,c3
"(Node13*, Node12*)",746,2.1125860675633796,2.6130520658540344,c3
"(Node13*, Node12*)",757,2.979287847196653,2.6130520658540344,c3
"(Node13*, Node12*)",770,2.1147403845810397,2.6130520658540344,c3
"(Node13*, Node12*)",772,2.087520225416518,2.6130520658540344,c3
"(Node13*, Node12*)",862,2.087520225417146,2.6130520658540344,c3
"(Node13*, Node12*)",876,2.087520227343645,2.6130520658540344,c3
"(Node13*, Node12*)",937,2.8996346259146857,2.6130520658540344,c3
"(Node13*, Node12*)",948,2.8252793012677584,2.6130520658540344,c3
"(Node13*, Node12*)",954,2.899634634748357,2.6130520658540344,c3
"(Node13*, Node12*)",969,2.8996346258835852,2.6130520658540344,c3
"(Node13*, Node12*)",986,1.9452602312755647,2.6130520658540344,c3
"(Node14*, Node12*)",0,2.8009637921838126,1.8041472085053936,c3
"(Node14*, Node12*)",12,0.9344496911233666,1.8041472085053936,c3
"(Node14*, Node12*)",69,-0.15805776045908604,1.8041472085053936,c3
"(Node14*, Node12*)",84,0.40697012270134525,1.8041472085053936,c3
"(Node14*, Node12*)",110,2.9298374947564008,1.8041472085053936,c3
"(Node14*, Node12*)",116,2.901748615274296,1.8041472085053936,c3
"(Node14*, Node12*)",160,1.336286018930083,1.8041472085053936,c3
"(Node14*, Node12*)",300,2.658095737623609,1.8041472085053936,c3
"(Node14*, Node12*)",301,2.916862929925448,1.8041472085053936,c3
"(Node14*, Node12*)",311,0.9344496890404195,1.8041472085053936,c3
"(Node14*, Node12*)",333,0.9344496911233724,1.8041472085053936,c3
"(Node14*, Node12*)",361,1.33628601891165,1.8041472085053936,c3
"(Node14*, Node12*)",396,2.658095737772509,1.8041472085053936,c3
"(Node14*, Node12*)",399,0.7958294659896614,1.8041472085053936,c3
"(Node14*, Node12*)",436,0.8314294257835066,1.8041472085053936,c3
"(Node14*, Node12*)",462,0.9344496911233718,1.8041472085053936,c3
"(Node14*, Node12*)",494,0.7958294632979321,1.8041472085053936,c3
"(Node14*, Node12*)",509,2.924569726440569,1.8041472085053936,c3
"(Node14*, Node12*)",527,2.6146366360705215,1.8041472085053936,c3
"(Node14*, Node12*)",541,2.6146366352920833,1.8041472085053936,c3
"(Node14*, Node12*)",548,1.163146707651419,1.8041472085053936,c3
"(Node14*, Node12*)",555,2.614636634994916,1.8041472085053936,c3
"(Node14*, Node12*)",590,2.9298374947578925,1.8041472085053936,c3
"(Node14*, Node12*)",633,-0.7489201178601711,1.8041472085053936,c3
"(Node14*, Node12*)",636,2.901748840244367,1.8041472085053936,c3
"(Node14*, Node12*)",641,2.6146366360840094,1.8041472085053936,c3
"(Node14*, Node12*)",647,2.9298374947534263,1.8041472085053936,c3
"(Node14*, Node12*)",659,2.9298374947528956,1.8041472085053936,c3
"(Node14*, Node12*)",671,2.929837494806331,1.8041472085053936,c3
"(Node14*, Node12*)",704,0.8345278559052189,1.8041472085053936,c3
"(Node14*, Node12*)",735,0.8314294257835061,1.8041472085053936,c3
"(Node14*, Node12*)",746,0.831429418572558,1.8041472085053936,c3
"(Node14*, Node12*)",757,2.9168629299253594,1.8041472085053936,c3
"(Node14*, Node12*)",770,0.834527855905219,1.8041472085053936,c3
"(Node14*, Node12*)",772,0.79582946329754,1.8041472085053936,c3
"(Node14*, Node12*)",862,0.7958294632984222,1.8041472085053936,c3
"(Node14*, Node12*)",876,0.795829466003035,1.8041472085053936,c3
"(Node14*, Node12*)",937,2.614636604508535,1.8041472085053936,c3
"(Node14*, Node12*)",948,2.3627137520738013,1.8041472085053936,c3
"(Node14*, Node12*)",954,2.6146366360690294,1.8041472085053936,c3
"(Node14*, Node12*)",969,2.61463660439742,1.8041472085053936,c3
"(Node14*, Node12*)",986,0.4069701227013456,1.8041472085053936,c3
"(B5, Node13*)",0,2.9929366782182525,2.8757842259988373,c3
"(B5, Node13*)",12,2.5768558319126127,2.8757842259988373,c3
"(B5, Node13*)",69,2.5947310868948876,2.8757842259988373,c3
"(B5, Node13*)",84,2.981410729199619,2.8757842259988373,c3
"(B5, Node13*)",110,2.9932215029077787,2.8757842259988373,c3
"(B5, Node13*)",116,2.993160996514518,2.8757842259988373,c3
"(B5, Node13*)",160,2.9915869311985346,2.8757842259988373,c3
"(B5, Node13*)",300,2.9925979442086263,2.8757842259988373,c3
"(B5, Node13*)",301,2.993193660136882,2.8757842259988373,c3
"(B5, Node13*)",311,2.5768558319281714,2.8757842259988373,c3
"(B5, Node13*)",333,2.576855831912612,2.8757842259988373,c3
"(B5, Node13*)",361,2.991586931202126,2.8757842259988373,c3
"(B5, Node13*)",396,2.9925979442089923,2.8757842259988373,c3
"(B5, Node13*)",399,2.983452002411905,2.8757842259988373,c3
"(B5, Node13*)",436,2.9837943032462624,2.8757842259988373,c3
"(B5, Node13*)",462,2.5768558319126122,2.8757842259988373,c3
"(B5, Node13*)",494,2.9834520023855315,2.8757842259988373,c3
"(B5, Node13*)",509,2.993210220317659,2.8757842259988373,c3
"(B5, Node13*)",527,2.9924897020012136,2.8757842259988373,c3
"(B5, Node13*)",541,2.9924897019992516,2.8757842259988373,c3
"(B5, Node13*)",548,2.9874227589519404,2.8757842259988373,c3
"(B5, Node13*)",555,2.992489701998504,2.8757842259988373,c3
"(B5, Node13*)",590,2.9932215029077827,2.8757842259988373,c3
"(B5, Node13*)",633,2.6503951452103163,2.8757842259988373,c3
"(B5, Node13*)",636,2.9931609970025477,2.8757842259988373,c3
"(B5, Node13*)",641,2.992489702001248,2.8757842259988373,c3
"(B5, Node13*)",647,2.9932215029077733,2.8757842259988373,c3
"(B5, Node13*)",659,2.9932215029077716,2.8757842259988373,c3
"(B5, Node13*)",671,2.9932215029078866,2.8757842259988373,c3
"(B5, Node13*)",704,2.9838234917338364,2.8757842259988373,c3
"(B5, Node13*)",735,2.9837943032462615,2.8757842259988373,c3
"(B5, Node13*)",746,2.9837943031782213,2.8757842259988373,c3
"(B5, Node13*)",757,2.9931936601368814,2.8757842259988373,c3
"(B5, Node13*)",770,2.9838234917338378,2.8757842259988373,c3
"(B5, Node13*)",772,2.9834520023855275,2.8757842259988373,c3
"(B5, Node13*)",862,2.983452002385535,2.8757842259988373,c3
"(B5, Node13*)",876,2.9834520024120366,2.8757842259988373,c3
"(B5, Node13*)",937,2.992489701921677,2.8757842259988373,c3
"(B5, Node13*)",948,2.9918083428980036,2.8757842259988373,c3
"(B5, Node13*)",954,2.99248970200121,2.8757842259988373,c3
"(B5, Node13*)",969,2.9924897019213983,2.8757842259988373,c3
"(B5, Node13*)",986,2.9814107291996184,2.8757842259988373,c3
"(B6, Node13*)",0,2.9673767323855533,2.642210340744786,c3
"(B6, Node13*)",12,1.5807892063493274,2.642210340744786,c3
"(B6, Node13*)",69,1.6245616879508424,2.642210340744786,c3
"(B6, Node13*)",84,2.915029560385341,2.642210340744786,c3
"(B6, Node13*)",110,2.968684164766639,2.642210340744786,c3
"(B6, Node13*)",116,2.9684063654531374,2.642210340744786,c3
"(B6, Node13*)",160,2.9611901479818528,2.642210340744786,c3
"(B6, Node13*)",300,2.965822718169432,2.642210340744786,c3
"(B6, Node13*)",301,2.9685563281655587,2.642210340744786,c3
"(B6, Node13*)",311,1.58078920638698,2.642210340744786,c3
"(B6, Node13*)",333,1.5807892063493272,2.642210340744786,c3
"(B6, Node13*)",361,2.9611901479982956,2.642210340744786,c3
"(B6, Node13*)",396,2.9658227181711125,2.642210340744786,c3
"(B6, Node13*)",399,2.924221360174554,2.642210340744786,c3
"(B6, Node13*)",436,2.9257660341208576,2.642210340744786,c3
"(B6, Node13*)",462,1.5807892063493274,2.642210340744786,c3
"(B6, Node13*)",494,2.9242213600555758,2.642210340744786,c3
"(B6, Node13*)",509,2.968632361387245,2.642210340744786,c3
"(B6, Node13*)",527,2.9653263351281605,2.642210340744786,c3
"(B6, Node13*)",541,2.9653263351191654,2.642210340744786,c3
"(B6, Node13*)",548,2.9421985093694105,2.642210340744786,c3
"(B6, Node13*)",555,2.965326335115733,2.642210340744786,c3
"(B6, Node13*)",590,2.968684164766655,2.642210340744786,c3
"(B6, Node13*)",633,1.7678028953347917,2.642210340744786,c3
"(B6, Node13*)",636,2.968406367693683,2.642210340744786,c3
"(B6, Node13*)",641,2.9653263351283163,2.642210340744786,c3
"(B6, Node13*)",647,2.968684164766611,2.642210340744786,c3
"(B6, Node13*)",659,2.9686841647666053,2.642210340744786,c3
"(B6, Node13*)",671,2.96868416476713,2.642210340744786,c3
"(B6, Node13*)",704,2.925897794685763,2.642210340744786,c3
"(B6, Node13*)",735,2.925766034120857,2.642210340744786,c3
"(B6, Node13*)",746,2.925766033813722,2.642210340744786,c3
"(B6, Node13*)",757,2.968556328165558,2.642210340744786,c3
"(B6, Node13*)",770,2.9258977946857643,2.642210340744786,c3
"(B6, Node13*)",772,2.9242213600555584,2.642210340744786,c3
"(B6, Node13*)",862,2.924221360055596,2.642210340744786,c3
"(B6, Node13*)",876,2.924221360175145,2.642210340744786,c3
"(B6, Node13*)",937,2.965326334763455,2.642210340744786,c3
"(B6, Node13*)",948,2.962203954915812,2.642210340744786,c3
"(B6, Node13*)",954,2.9653263351281427,2.642210340744786,c3
"(B6, Node13*)",969,2.9653263347621714,2.642210340744786,c3
"(B6, Node13*)",986,2.9150295603853404,2.642210340744786,c3
"(B7, Node14*)",0,2.989897463890898,2.721151454029243,c3
"(B7, Node14*)",12,2.8894706005572806,2.721151454029243,c3
"(B7, Node14*)",69,-0.32984608791687176,2.721151454029243,c3
"(B7, Node14*)",84,0.7170131088018286,2.721151454029243,c3
"(B7, Node14*)",110,2.99345918170534,2.721151454029243,c3
"(B7, Node14*)",116,2.9927020824808475,2.721151454029243,c3
"(B7, Node14*)",160,-0.9978197272342371,2.721151454029243,c3
"(B7, Node14*)",300,2.9856689148809035,2.721151454029243,c3
"(B7, Node14*)",301,2.9931107615505925,2.721151454029243,c3
"(B7, Node14*)",311,2.889470600345951,2.721151454029243,c3
"(B7, Node14*)",333,2.8894706005572823,2.721151454029243,c3
"(B7, Node14*)",361,-0.997819727235504,2.721151454029243,c3
"(B7, Node14*)",396,2.985668914885475,2.721151454029243,c3
"(B7, Node14*)",399,2.8744164261647684,2.721151454029243,c3
"(B7, Node14*)",436,2.8784812891169125,2.721151454029243,c3
"(B7, Node14*)",462,2.8894706005572814,2.721151454029243,c3
"(B7, Node14*)",494,2.8744164258518645,2.721151454029243,c3
"(B7, Node14*)",509,2.9933179866322566,2.721151454029243,c3
"(B7, Node14*)",527,2.9843193543104696,2.721151454029243,c3
"(B7, Node14*)",541,2.984319354286019,2.721151454029243,c3
"(B7, Node14*)",548,-0.9969613656648721,2.721151454029243,c3
"(B7, Node14*)",555,2.9843193542766855,2.721151454029243,c3
"(B7, Node14*)",590,2.9934591817053806,2.721151454029243,c3
"(B7, Node14*)",633,2.0407967653858123,2.721151454029243,c3
"(B7, Node14*)",636,2.992702088586422,2.721151454029243,c3
"(B7, Node14*)",641,2.984319354310894,2.721151454029243,c3
"(B7, Node14*)",647,2.9934591817052625,2.721151454029243,c3
"(B7, Node14*)",659,2.9934591817052483,2.721151454029243,c3
"(B7, Node14*)",671,2.993459181706678,2.721151454029243,c3
"(B7, Node14*)",704,2.8788282534100036,2.721151454029243,c3
"(B7, Node14*)",735,2.8784812891169125,2.721151454029243,c3
"(B7, Node14*)",746,2.8784812883081767,2.721151454029243,c3
"(B7, Node14*)",757,2.9931107615505903,2.721151454029243,c3
"(B7, Node14*)",770,2.878828253410005,2.721151454029243,c3
"(B7, Node14*)",772,2.8744164258518192,2.721151454029243,c3
"(B7, Node14*)",862,2.8744164258519214,2.721151454029243,c3
"(B7, Node14*)",876,2.874416426166323,2.721151454029243,c3
"(B7, Node14*)",937,2.9843193533191115,2.721151454029243,c3
"(B7, Node14*)",948,2.975842693284172,2.721151454029243,c3
"(B7, Node14*)",954,2.9843193543104234,2.721151454029243,c3
"(B7, Node14*)",969,2.9843193533156214,2.721151454029243,c3
"(B7, Node14*)",986,0.7170131088018287,2.721151454029243,c3
"(B8, Node14*)",0,2.984297951590273,2.6659193726528283,c3
"(B8, Node14*)",12,2.830571405950289,2.6659193726528283,c3
"(B8, Node14*)",69,-0.9851188382520997,2.6659193726528283,c3
"(B8, Node14*)",84,-0.9952808047430826,2.6659193726528283,c3
"(B8, Node14*)",110,2.9898287829719288,2.6659193726528283,c3
"(B8, Node14*)",116,2.9886526594105134,2.6659193726528283,c3
"(B8, Node14*)",160,1.5047716069776516,2.6659193726528283,c3
"(B8, Node14*)",300,2.9777387299906057,2.6659193726528283,c3
"(B8, Node14*)",301,2.9892874953638304,2.6659193726528283,c3
"(B8, Node14*)",311,2.830571405631251,2.6659193726528283,c3
"(B8, Node14*)",333,2.83057140595029,2.6659193726528283,c3
"(B8, Node14*)",361,1.5047716074626132,2.6659193726528283,c3
"(B8, Node14*)",396,2.9777387299976934,2.6659193726528283,c3
"(B8, Node14*)",399,2.807891351621744,2.6659193726528283,c3
"(B8, Node14*)",436,2.814006115208633,2.6659193726528283,c3
"(B8, Node14*)",462,2.8305714059502898,2.6659193726528283,c3
"(B8, Node14*)",494,2.807891351151306,2.6659193726528283,c3
"(B8, Node14*)",509,2.9896094232606214,2.6659193726528283,c3
"(B8, Node14*)",527,2.975646945627625,2.6659193726528283,c3
"(B8, Node14*)",541,2.975646945589734,2.6659193726528283,c3
"(B8, Node14*)",548,1.1060040116183918,2.6659193726528283,c3
"(B8, Node14*)",555,2.97564694557527,2.6659193726528283,c3
"(B8, Node14*)",590,2.9898287829719914,2.6659193726528283,c3
"(B8, Node14*)",633,1.6828088630831166,2.6659193726528283,c3
"(B8, Node14*)",636,2.9886526688942827,2.6659193726528283,c3
"(B8, Node14*)",641,2.9756469456282817,2.6659193726528283,c3
"(B8, Node14*)",647,2.9898287829718058,2.6659193726528283,c3
"(B8, Node14*)",659,2.989828782971784,2.6659193726528283,c3
"(B8, Node14*)",671,2.9898287829740062,2.6659193726528283,c3
"(B8, Node14*)",704,2.8145283677875503,2.6659193726528283,c3
"(B8, Node14*)",735,2.8140061152086324,2.6659193726528283,c3
"(B8, Node14*)",746,2.814006113991378,2.6659193726528283,c3
"(B8, Node14*)",757,2.9892874953638273,2.6659193726528283,c3
"(B8, Node14*)",770,2.814528367787551,2.6659193726528283,c3
"(B8, Node14*)",772,2.807891351151237,2.6659193726528283,c3
"(B8, Node14*)",862,2.807891351151391,2.6659193726528283,c3
"(B8, Node14*)",876,2.807891351624081,2.6659193726528283,c3
"(B8, Node14*)",937,2.975646944091333,2.6659193726528283,c3
"(B8, Node14*)",948,2.9625262376112285,2.6659193726528283,c3
"(B8, Node14*)",954,2.975646945627552,2.6659193726528283,c3
"(B8, Node14*)",969,2.9756469440859252,2.6659193726528283,c3
"(B8, Node14*)",986,-0.995280804743082,2.6659193726528283,c3
