"site","region_name"
0,"L2"
1,"L2"
2,"L2"
3,"L2"
4,"L2"
5,"L2"
6,"L2"
7,"L2"
8,"L2"
9,"L2"
10,"L2"
11,"L2"
12,"L2"
13,"L2"
14,"L2"
15,"L2"
16,"L2"
17,"L2"
18,"L2"
19,"L2"
20,"L2"
21,"L2"
22,"L2"
23,"L2"
24,"L2"
25,"L2"
26,"L2"
27,"L2"
28,"L2"
29,"L2"
30,"L2"
31,"L2"
32,"L2"
33,"L2"
34,"L2"
35,"L2"
36,"L2"
37,"L2"
38,"L2"
39,"L2"
40,"L2"
41,"L2"
42,"L2"
43,"L2"
44,"L2"
45,"L2"
46,"L2"
47,"L2"
48,"L2"
49,"L2"
50,"L2"
51,"L2"
52,"L2"
53,"L2"
54,"L2"
55,"L2"
56,"L2"
57,"L2"
58,"L2"
59,"L2"
60,"L2"
61,"L2"
62,"L2"
63,"L2"
64,"L2"
65,"L2"
66,"L2"
67,"L2"
68,"L2"
69,"L2"
70,"L2"
71,"L2"
72,"L2"
73,"L2"
74,"L2"
75,"L2"
76,"L2"
77,"L2"
78,"L2"
79,"L2"
80,"L2"
81,"L2"
82,"L2"
83,"L2"
84,"L2"
85,"L2"
86,"L2"
87,"L2"
88,"L2"
89,"L2"
90,"L2"
91,"L2"
92,"L2"
93,"L2"
94,"L2"
95,"L2"
96,"L2"
97,"L2"
98,"L2"
99,"L2"
100,"L2"
101,"L2"
102,"L2"
103,"L2"
104,"L2"
105,"L2"
106,"L2"
107,"L2"
108,"L2"
109,"L2"
110,"L2"
111,"L2"
112,"L2"
113,"L2"
114,"L2"
115,"L2"
116,"L2"
117,"L2"
118,"L2"
119,"L2"
120,"L2"
121,"L2"
122,"L2"
123,"L2"
124,"L2"
125,"L2"
126,"L2"
127,"L2"
128,"L2"
129,"L2"
130,"L2"
131,"L2"
132,"L2"
133,"L2"
134,"L2"
135,"L2"
136,"L2"
137,"L2"
138,"L2"
139,"L2"
140,"L2"
141,"L2"
142,"L2"
143,"L2"
144,"L2"
145,"L2"
146,"L2"
147,"L2"
148,"L2"
149,"L2"
150,"L2"
151,"L2"
152,"L2"
153,"L2"
154,"L2"
155,"L2"
156,"L2"
157,"L2"
158,"L2"
159,"L2"
160,"L2"
161,"L2"
162,"L2"
163,"L2"
164,"L2"
165,"L2"
166,"L2"
167,"L2"
168,"L2"
169,"L2"
170,"L2"
171,"L2"
172,"L2"
173,"L2"
174,"L2"
175,"L2"
176,"L2"
177,"L2"
178,"L2"
179,"L2"
180,"L2"
181,"L2"
182,"L2"
183,"L2"
184,"L2"
185,"L2"
186,"L2"
187,"L2"
188,"L2"
189,"L2"
190,"L2"
191,"L2"
192,"L2"
193,"L2"
194,"L2"
195,"L2"
196,"L2"
197,"L2"
198,"L2"
199,"L2"
200,"L2"
201,"L2"
202,"L2"
203,"L2"
204,"L2"
205,"L2"
206,"L2"
207,"L2"
208,"L2"
209,"L2"
210,"L2"
211,"L2"
212,"L2"
213,"L2"
214,"L2"
215,"L2"
216,"L2"
217,"L2"
218,"L2"
219,"L2"
220,"L2"
221,"L2"
222,"L2"
223,"L2"
224,"L2"
225,"L2"
226,"L2"
227,"L2"
228,"L2"
229,"L2"
230,"L2"
231,"L2"
232,"L2"
233,"L2"
234,"L2"
235,"L2"
236,"L2"
237,"L2"
238,"L2"
239,"L2"
240,"L2"
241,"L2"
242,"L2"
243,"L2"
244,"L2"
245,"L2"
246,"L2"
247,"L2"
248,"L2"
249,"L2"
250,"L2"
251,"L2"
252,"L2"
253,"L2"
254,"L2"
255,"L2"
256,"L2"
257,"L2"
258,"L2"
259,"L2"
260,"L2"
261,"L2"
262,"L2"
263,"L2"
264,"L2"
265,"L2"
266,"L2"
267,"L2"
268,"L2"
269,"L2"
270,"L2"
271,"L2"
272,"L2"
273,"L2"
274,"L2"
275,"L2"
276,"L2"
277,"L2"
278,"L2"
279,"L2"
280,"L2"
281,"L2"
282,"L2"
283,"L2"
284,"L2"
285,"L2"
286,"L2"
287,"L2"
288,"L2"
289,"L2"
290,"L2"
291,"L2"
292,"L2"
293,"L2"
294,"L2"
295,"L2"
296,"L2"
297,"L2"
298,"L2"
299,"L2"
300,"L2"
301,"L2"
302,"L2"
303,"L2"
304,"L2"
305,"L2"
306,"L2"
307,"L2"
308,"L2"
309,"L2"
310,"L2"
311,"L2"
312,"L2"
313,"L2"
314,"L2"
315,"L2"
316,"L2"
317,"L3"
318,"L3"
319,"L3"
320,"L3"
321,"L3"
322,"L3"
323,"L3"
324,"L3"
325,"L3"
326,"L3"
327,"L3"
328,"L3"
329,"L3"
330,"L3"
331,"L3"
332,"L3"
333,"L3"
334,"L3"
335,"L3"
336,"L3"
337,"L3"
338,"L3"
339,"L3"
340,"L3"
341,"L3"
342,"L3"
343,"L3"
344,"L3"
345,"L3"
346,"L3"
347,"L3"
348,"L3"
349,"L3"
350,"L3"
351,"L3"
352,"L3"
353,"L3"
354,"L3"
355,"L3"
356,"L3"
357,"L3"
358,"L3"
359,"L3"
360,"L3"
361,"L3"
362,"L3"
363,"L3"
364,"L3"
365,"L3"
366,"L3"
367,"L3"
368,"L3"
369,"L3"
370,"L3"
371,"L3"
372,"L3"
373,"L3"
374,"L3"
375,"L3"
376,"L3"
377,"L3"
378,"L3"
379,"L3"
380,"L3"
381,"L3"
382,"L3"
383,"L3"
384,"L3"
385,"L3"
386,"L3"
387,"L3"
388,"L3"
389,"L3"
390,"L3"
391,"L3"
392,"L3"
393,"L3"
394,"L3"
395,"L3"
396,"L3"
397,"L3"
398,"L3"
399,"L3"
400,"L3"
401,"L3"
402,"L3"
403,"L3"
404,"L3"
405,"L3"
406,"L3"
407,"L3"
408,"L3"
409,"L3"
410,"L3"
411,"L3"
412,"L3"
413,"L3"
414,"L3"
415,"L3"
416,"L3"
417,"L3"
418,"L3"
419,"L3"
420,"L3"
421,"L3"
422,"L3"
423,"L3"
424,"L3"
425,"L3"
426,"L3"
427,"L3"
428,"L3"
429,"L3"
430,"L3"
431,"L3"
432,"L3"
433,"L3"
434,"L3"
435,"L3"
436,"L3"
437,"L3"
438,"L3"
439,"L3"
440,"L3"
441,"L3"
442,"L3"
443,"L3"
444,"L3"
445,"L3"
446,"L3"
447,"L3"
448,"L3"
449,"L3"
450,"L3"
451,"L3"
452,"L3"
453,"L3"
454,"L3"
455,"L3"
456,"L3"
457,"L3"
458,"L3"
459,"L3"
460,"L3"
461,"L3"
462,"L3"
463,"L3"
464,"L3"
465,"L3"
466,"L3"
467,"L3"
468,"L3"
469,"L3"
470,"L3"
471,"L3"
472,"L3"
473,"L3"
474,"L3"
475,"L3"
476,"L3"
477,"L3"
478,"L3"
479,"L3"
480,"L3"
481,"L3"
482,"L3"
483,"L3"
484,"L3"
485,"L3"
486,"L3"
487,"L3"
488,"L3"
489,"L3"
490,"L3"
491,"L3"
492,"L3"
493,"L3"
494,"L3"
495,"L3"
496,"L3"
497,"L3"
498,"L3"
499,"L3"
500,"L3"
501,"L3"
502,"L3"
503,"L3"
504,"L3"
505,"L3"
506,"L3"
507,"L3"
508,"L3"
509,"L3"
510,"L3"
511,"L3"
512,"L3"
513,"L3"
514,"L3"
515,"L3"
516,"L3"
517,"L3"
518,"L3"
519,"L3"
520,"L3"
521,"L3"
522,"L3"
523,"L3"
524,"L3"
525,"L3"
526,"L3"
527,"L3"
528,"L3"
529,"L3"
530,"L3"
531,"L3"
532,"L3"
533,"L3"
534,"L3"
535,"L3"
536,"L3"
537,"L3"
538,"L3"
539,"L3"
540,"L3"
541,"L3"
542,"L3"
543,"L3"
544,"L3"
545,"L4"
546,"L4"
547,"L4"
548,"L4"
549,"L4"
550,"L4"
551,"L4"
552,"L4"
553,"L4"
554,"L4"
555,"L4"
556,"L4"
557,"L4"
558,"L4"
559,"L4"
560,"L4"
561,"L4"
562,"L4"
563,"L4"
564,"L4"
565,"L4"
566,"L4"
567,"L4"
568,"L4"
569,"L4"
570,"L4"
571,"L4"
572,"L4"
573,"L4"
574,"L4"
575,"L4"
576,"L4"
577,"L4"
578,"L4"
579,"L4"
580,"L4"
581,"L4"
582,"L4"
583,"L4"
584,"L4"
585,"L4"
586,"L4"
587,"L4"
588,"L4"
589,"L4"
590,"L4"
591,"L4"
592,"L4"
593,"L4"
594,"L4"
595,"L4"
596,"L4"
597,"L4"
598,"L4"
599,"L4"
600,"L4"
601,"L4"
602,"L4"
603,"L4"
604,"L4"
605,"L4"
606,"L4"
607,"L4"
608,"L4"
609,"L4"
610,"L4"
611,"L4"
612,"L4"
613,"L4"
614,"L4"
615,"L4"
616,"L4"
617,"L4"
618,"L4"
619,"L4"
620,"L4"
621,"L4"
622,"L4"
623,"L4"
624,"L4"
625,"L4"
626,"L4"
627,"L4"
628,"L4"
629,"L4"
630,"L4"
631,"L4"
632,"L4"
633,"L4"
634,"L4"
635,"L4"
636,"L4"
637,"L4"
638,"L4"
639,"L4"
640,"L4"
641,"L4"
642,"L4"
643,"L4"
644,"L4"
645,"L4"
646,"L4"
647,"L4"
648,"L4"
649,"L4"
650,"L4"
651,"L4"
652,"L4"
653,"L4"
654,"L4"
655,"L4"
656,"L4"
657,"L4"
658,"L4"
659,"L4"
660,"L4"
661,"L4"
662,"L4"
663,"L4"
664,"L4"
665,"L4"
666,"L4"
667,"L4"
668,"L4"
669,"L4"
670,"L4"
671,"L4"
672,"L4"
673,"L4"
674,"L4"
675,"L4"
676,"L4"
677,"L4"
678,"L4"
679,"L4"
680,"L4"
681,"L4"
682,"L4"
683,"L4"
684,"L4"
685,"L4"
686,"L4"
687,"L4"
688,"L4"
689,"L4"
690,"L4"
691,"L4"
692,"L4"
693,"L4"
694,"L4"
695,"L4"
696,"L4"
697,"L4"
698,"L4"
699,"L4"
700,"L4"
701,"L4"
702,"L4"
703,"L4"
704,"L4"
705,"L4"
706,"L4"
707,"L4"
708,"L4"
709,"L4"
710,"L4"
711,"L4"
712,"L4"
713,"L4"
714,"L4"
715,"L4"
716,"L4"
717,"L4"
718,"L4"
719,"L4"
720,"L4"
721,"L4"
722,"L4"
723,"L4"
724,"L4"
725,"L4"
726,"L4"
727,"L4"
728,"L4"
729,"L4"
730,"L4"
731,"L4"
732,"L4"
733,"L4"
734,"L4"
735,"L4"
736,"L4"
737,"L4"
738,"L4"
739,"L4"
740,"L4"
741,"L4"
742,"L4"
743,"L4"
744,"L4"
745,"L4"
746,"L4"
747,"L4"
748,"L4"
749,"L4"
750,"L4"
751,"L4"
752,"L4"
753,"L4"
754,"L4"
755,"L4"
756,"L4"
757,"L4"
758,"L4"
759,"L4"
760,"L4"
761,"L4"
762,"L4"
763,"L4"
764,"L4"
765,"L4"
766,"L4"
767,"L4"
768,"L4"
769,"L4"
770,"L4"
771,"L4"
772,"L4"
773,"L4"
774,"L4"
775,"L4"
776,"L4"
777,"L4"
778,"L4"
779,"L4"
780,"L4"
781,"L4"
782,"L4"
783,"L4"
784,"L4"
785,"L4"
786,"L4"
787,"L4"
788,"L4"
789,"L4"
790,"L5"
791,"L5"
792,"L5"
793,"L5"
794,"L5"
795,"L5"
796,"L5"
797,"L5"
798,"L5"
799,"L5"
800,"L5"
801,"L5"
802,"L5"
803,"L5"
804,"L5"
805,"L5"
806,"L5"
807,"L5"
808,"L5"
809,"L5"
810,"L5"
811,"L5"
812,"L5"
813,"L5"
814,"L5"
815,"L5"
816,"L5"
817,"L5"
818,"L5"
819,"L5"
820,"L5"
821,"L5"
822,"L5"
823,"L5"
824,"L5"
825,"L5"
826,"L5"
827,"L5"
828,"L5"
829,"L5"
830,"L5"
831,"L5"
832,"L5"
833,"L5"
834,"L5"
835,"L5"
836,"L5"
837,"L5"
838,"L5"
839,"L5"
840,"L5"
841,"L5"
842,"L5"
843,"L5"
844,"L5"
845,"L5"
846,"L5"
847,"L5"
848,"L5"
849,"L5"
850,"L5"
851,"L5"
852,"L5"
853,"L5"
854,"L5"
855,"L5"
856,"L5"
857,"L5"
858,"L5"
859,"L5"
860,"L5"
861,"L5"
862,"L5"
863,"L5"
864,"L5"
865,"L5"
866,"L5"
867,"L5"
868,"L5"
869,"L5"
870,"L5"
871,"L5"
872,"L5"
873,"L5"
874,"L5"
875,"L5"
876,"L5"
877,"L5"
878,"L5"
879,"L5"
880,"L5"
881,"L5"
882,"L5"
883,"L5"
884,"L5"
885,"L5"
886,"L5"
887,"L5"
888,"L5"
889,"L5"
890,"L5"
891,"L5"
892,"L5"
893,"L5"
894,"L5"
895,"L5"
896,"L5"
897,"L5"
898,"L5"
899,"L5"
900,"L5"
901,"L5"
902,"L5"
903,"L5"
904,"L5"
905,"L5"
906,"L5"
907,"L5"
908,"L5"
909,"L5"
910,"L5"
911,"L5"
912,"L5"
913,"L5"
914,"L5"
915,"L5"
916,"L5"
917,"L5"
918,"L5"
919,"L5"
920,"L5"
921,"L5"
922,"L5"
923,"L5"
924,"L5"
925,"L5"
926,"L5"
927,"L5"
928,"L5"
929,"L5"
930,"L5"
931,"L5"
932,"L5"
933,"L5"
934,"L5"
935,"L5"
936,"L5"
937,"L5"
938,"L5"
939,"L5"
940,"L5"
941,"L5"
942,"L5"
943,"L5"
944,"L5"
945,"L5"
946,"L5"
947,"L5"
948,"L5"
949,"L5"
950,"L5"
951,"L5"
952,"L5"
953,"L5"
954,"L6"
955,"L6"
956,"L6"
957,"L6"
958,"L6"
959,"L6"
960,"L6"
961,"L6"
962,"L6"
963,"L6"
964,"L6"
965,"L6"
966,"L6"
967,"L6"
968,"L6"
969,"L6"
970,"L6"
971,"L6"
972,"L6"
973,"L6"
974,"L6"
975,"L6"
976,"L6"
977,"L6"
978,"L6"
979,"L6"
980,"L6"
981,"L6"
982,"L6"
983,"L6"
984,"L6"
985,"L6"
986,"L6"
987,"L6"
988,"L6"
989,"L6"
990,"L6"
991,"L6"
992,"L6"
993,"L6"
994,"L6"
995,"L6"
996,"L6"
997,"L6"
998,"L6"
999,"L6"
1000,"L6"
1001,"L6"
1002,"L6"
1003,"L6"
1004,"L6"
1005,"L6"
1006,"L6"
1007,"L6"
1008,"L6"
1009,"L6"
1010,"L6"
1011,"L6"
1012,"L6"
1013,"L6"
1014,"L6"
1015,"L6"
1016,"L6"
1017,"L6"
1018,"L6"
1019,"L6"
1020,"L6"
1021,"L6"
1022,"L6"
1023,"L6"
1024,"L6"
1025,"L6"
1026,"L6"
1027,"L6"
1028,"L6"
1029,"L6"
1030,"L6"
1031,"L6"
1032,"L6"
1033,"L6"
1034,"L6"
1035,"L6"
1036,"L6"
1037,"L6"
1038,"L6"
1039,"L6"
1040,"L6"
1041,"L6"
1042,"L6"
1043,"L6"
1044,"L6"
1045,"L6"
1046,"L6"
1047,"L6"
1048,"L6"
1049,"L6"
1050,"L6"
1051,"L6"
1052,"L6"
1053,"L6"
1054,"L6"
1055,"L6"
1056,"L6"
1057,"L6"
1058,"L6"
1059,"L6"
1060,"L6"
1061,"L6"
1062,"L6"
1063,"L6"
1064,"L6"
1065,"L6"
1066,"L6"
1067,"L6"
1068,"L6"
1069,"L6"
1070,"L6"
1071,"L6"
1072,"L6"
1073,"L6"
1074,"L6"
1075,"L6"
1076,"L6"
1077,"L6"
1078,"L6"
1079,"L6"
1080,"L6"
1081,"L6"
1082,"L6"
1083,"L6"
1084,"L6"
1085,"L6"
1086,"L6"
1087,"L6"
1088,"L6"
1089,"L6"
1090,"L6"
1091,"L6"
1092,"L6"
1093,"L6"
1094,"L6"
1095,"L6"
1096,"L6"
1097,"L6"
1098,"L6"
1099,"L6"
1100,"L6"
1101,"L6"
1102,"L6"
1103,"L6"
1104,"L6"
1105,"L6"
1106,"L6"
1107,"L6"
1108,"L6"
1109,"L6"
1110,"L6"
1111,"L6"
1112,"L6"
1113,"L6"
1114,"L6"
1115,"L6"
1116,"L6"
1117,"L6"
1118,"L6"
1119,"L6"
1120,"L6"
1121,"L6"
1122,"L6"
1123,"L6"
1124,"L6"
1125,"L6"
1126,"L6"
1127,"L6"
1128,"L6"
1129,"L6"
1130,"L6"
1131,"L6"
1132,"L6"
1133,"L6"
1134,"L6"
1135,"L6"
1136,"L6"
1137,"L6"
1138,"L6"
1139,"L6"
1140,"L6"
1141,"L6"
1142,"L6"
1143,"L6"
1144,"L6"
1145,"L6"
1146,"L6"
1147,"L6"
1148,"L6"
1149,"L6"
1150,"L6"
1151,"L6"
1152,"L6"
1153,"L6"
1154,"L6"
1155,"L6"
1156,"L6"
1157,"L6"
1158,"L6"
1159,"L6"
1160,"L6"
1161,"L6"
1162,"L6"
1163,"L6"
1164,"L6"
1165,"L6"
1166,"L6"
1167,"L6"
1168,"L6"
1169,"L6"
1170,"L6"
1171,"L6"
1172,"L6"
1173,"L6"
1174,"L14"
1175,"L14"
1176,"L14"
1177,"L14"
1178,"L14"
1179,"L14"
1180,"L14"
1181,"L14"
1182,"L14"
1183,"L14"
1184,"L14"
1185,"L14"
1186,"L14"
1187,"L14"
1188,"L14"
1189,"L14"
1190,"L14"
1191,"L14"
1192,"L14"
1193,"L14"
1194,"L14"
1195,"L14"
1196,"L14"
1197,"L14"
1198,"L14"
1199,"L14"
1200,"L14"
1201,"L14"
1202,"L14"
1203,"L14"
1204,"L14"
1205,"L14"
1206,"L14"
1207,"L14"
1208,"L14"
1209,"L14"
1210,"L14"
1211,"L14"
1212,"L14"
1213,"L14"
1214,"L14"
1215,"L14"
1216,"L14"
1217,"L14"
1218,"L14"
1219,"L14"
1220,"L14"
1221,"L14"
1222,"L14"
1223,"L14"
1224,"L14"
1225,"L14"
1226,"L14"
1227,"L14"
1228,"L14"
1229,"L14"
1230,"L14"
1231,"L14"
1232,"L14"
1233,"L14"
1234,"L14"
1235,"L14"
1236,"L14"
1237,"L14"
1238,"L14"
1239,"L14"
1240,"L14"
1241,"L14"
1242,"L14"
1243,"L14"
1244,"L14"
1245,"L14"
1246,"L14"
1247,"L14"
1248,"L14"
1249,"L14"
1250,"L14"
1251,"L14"
1252,"L14"
1253,"L14"
1254,"L14"
1255,"L14"
1256,"L14"
1257,"L14"
1258,"L14"
1259,"L14"
1260,"L14"
1261,"L14"
1262,"L14"
1263,"L14"
1264,"L14"
1265,"L14"
1266,"L14"
1267,"L14"
1268,"L14"
1269,"L14"
1270,"L14"
1271,"L14"
1272,"L14"
1273,"L14"
1274,"L14"
1275,"L14"
1276,"L14"
1277,"L14"
1278,"L14"
1279,"L14"
1280,"L14"
1281,"L14"
1282,"L14"
1283,"L14"
1284,"L14"
1285,"L14"
1286,"L14"
1287,"L14"
1288,"L14"
1289,"L14"
1290,"L14"
1291,"L14"
1292,"L14"
1293,"L14"
1294,"L14"
1295,"L14"
1296,"L14"
1297,"L14"
1298,"L14"
1299,"L15"
1300,"L15"
1301,"L15"
1302,"L15"
1303,"L15"
1304,"L15"
1305,"L15"
1306,"L15"
1307,"L15"
1308,"L15"
1309,"L15"
1310,"L15"
1311,"L15"
1312,"L15"
1313,"L15"
1314,"L15"
1315,"L15"
1316,"L15"
1317,"L15"
1318,"L15"
1319,"L15"
1320,"L15"
1321,"L15"
1322,"L15"
1323,"L15"
1324,"L15"
1325,"L15"
1326,"L15"
1327,"L15"
1328,"L15"
1329,"L15"
1330,"L15"
1331,"L15"
1332,"L15"
1333,"L15"
1334,"L15"
1335,"L15"
1336,"L15"
1337,"L15"
1338,"L15"
1339,"L15"
1340,"L15"
1341,"L15"
1342,"L15"
1343,"L15"
1344,"L15"
1345,"L15"
1346,"L15"
1347,"L15"
1348,"L15"
1349,"L15"
1350,"L15"
1351,"L15"
1352,"L15"
1353,"L15"
1354,"L15"
1355,"L15"
1356,"L15"
1357,"L15"
1358,"L15"
1359,"L15"
1360,"L15"
1361,"L15"
1362,"L15"
1363,"L15"
1364,"L15"
1365,"L15"
1366,"L15"
1367,"L15"
1368,"L15"
1369,"L15"
1370,"L15"
1371,"L15"
1372,"L15"
1373,"L15"
1374,"L15"
1375,"L15"
1376,"L15"
1377,"L15"
1378,"L15"
1379,"L15"
1380,"L15"
1381,"L15"
1382,"L15"
1383,"L15"
1384,"L15"
1385,"L15"
1386,"L15"
1387,"L15"
1388,"L15"
1389,"L15"
1390,"L15"
1391,"L15"
1392,"L15"
1393,"L15"
1394,"L15"
1395,"L15"
1396,"L15"
1397,"L15"
1398,"L15"
1399,"L15"
1400,"L15"
1401,"L15"
1402,"L15"
1403,"L15"
1404,"L15"
1405,"L15"
1406,"L15"
1407,"L15"
1408,"L15"
1409,"L15"
1410,"L15"
1411,"L15"
1412,"L15"
1413,"L15"
1414,"L15"
1415,"L15"
1416,"L15"
1417,"L15"
1418,"L15"
1419,"L15"
1420,"L15"
1421,"L16"
1422,"L16"
1423,"L16"
1424,"L16"
1425,"L16"
1426,"L16"
1427,"L16"
1428,"L16"
1429,"L16"
1430,"L16"
1431,"L16"
1432,"L16"
1433,"L16"
1434,"L16"
1435,"L16"
1436,"L16"
1437,"L16"
1438,"L16"
1439,"L16"
1440,"L16"
1441,"L16"
1442,"L16"
1443,"L16"
1444,"L16"
1445,"L16"
1446,"L16"
1447,"L16"
1448,"L16"
1449,"L16"
1450,"L16"
1451,"L16"
1452,"L16"
1453,"L16"
1454,"L16"
1455,"L16"
1456,"L16"
1457,"L16"
1458,"L16"
1459,"L16"
1460,"L16"
1461,"L16"
1462,"L16"
1463,"L16"
1464,"L16"
1465,"L16"
1466,"L16"
1467,"L16"
1468,"L16"
1469,"L16"
1470,"L16"
1471,"L16"
1472,"L16"
1473,"L16"
1474,"L16"
1475,"L16"
1476,"L16"
1477,"L16"
1478,"L16"
1479,"L16"
1480,"L16"
1481,"L16"
1482,"L16"
1483,"L16"
1484,"L16"
1485,"L16"
1486,"L16"
1487,"L16"
1488,"L16"
1489,"L16"
1490,"L16"
1491,"L16"
1492,"L16"
1493,"L16"
1494,"L16"
1495,"L16"
1496,"L16"
1497,"L16"
1498,"L16"
1499,"L16"
1500,"L16"
1501,"L16"
1502,"L16"
1503,"L16"
1504,"L16"
1505,"L16"
1506,"L16"
1507,"L16"
1508,"L16"
1509,"L16"
1510,"L16"
1511,"L16"
1512,"L16"
1513,"L16"
1514,"L16"
1515,"L16"
1516,"L16"
1517,"L16"
1518,"L16"
1519,"L16"
1520,"L16"
1521,"L16"
1522,"L16"
1523,"L16"
1524,"L16"
1525,"L16"
1526,"L16"
1527,"L16"
1528,"L16"
1529,"L16"
1530,"L16"
1531,"L16"
1532,"L16"
1533,"L16"
1534,"L16"
1535,"L16"
1536,"L16"
1537,"L16"
1538,"L16"
1539,"L16"
1540,"L16"
1541,"L16"
1542,"L16"
1543,"L16"
1544,"L16"
1545,"L16"
1546,"L16"
1547,"L16"
1548,"L16"
1549,"L16"
1550,"L16"
1551,"L16"
1552,"L16"
1553,"L16"
1554,"L16"
1555,"L16"
1556,"L16"
1557,"L16"
1558,"L16"
1559,"L16"
1560,"L16"
1561,"L16"
1562,"L16"
1563,"L16"
1564,"L16"
1565,"L16"
1566,"L16"
1567,"L16"
1568,"L16"
1569,"L16"
1570,"L16"
1571,"L16"
1572,"L16"
1573,"L16"
1574,"L18"
1575,"L18"
1576,"L18"
1577,"L18"
1578,"L18"
1579,"L18"
1580,"L18"
1581,"L18"
1582,"L18"
1583,"L18"
1584,"L18"
1585,"L18"
1586,"L18"
1587,"L18"
1588,"L18"
1589,"L18"
1590,"L18"
1591,"L18"
1592,"L18"
1593,"L18"
1594,"L18"
1595,"L18"
1596,"L18"
1597,"L18"
1598,"L18"
1599,"L18"
1600,"L18"
1601,"L18"
1602,"L18"
1603,"L18"
1604,"L18"
1605,"L18"
1606,"L18"
1607,"L18"
1608,"L18"
1609,"L18"
1610,"L18"
1611,"L18"
1612,"L18"
1613,"L18"
1614,"L18"
1615,"L18"
1616,"L18"
1617,"L18"
1618,"L18"
1619,"L18"
1620,"L18"
1621,"L18"
1622,"L18"
1623,"L18"
1624,"L18"
1625,"L18"
1626,"L18"
1627,"L18"
1628,"L18"
1629,"L18"
1630,"L18"
1631,"L18"
1632,"L18"
1633,"L18"
1634,"L18"
1635,"L18"
1636,"L18"
1637,"L18"
1638,"L18"
1639,"L18"
1640,"L18"
1641,"L18"
1642,"L18"
1643,"L18"
1644,"L18"
1645,"L18"
1646,"L18"
1647,"L18"
1648,"L18"
1649,"L18"
1650,"L18"
1651,"L18"
1652,"L18"
1653,"L18"
1654,"L18"
1655,"L18"
1656,"L18"
1657,"L18"
1658,"L18"
1659,"L18"
1660,"L18"
1661,"L18"
1662,"L18"
1663,"L18"
1664,"L18"
1665,"L18"
1666,"L18"
1667,"L18"
1668,"L18"
1669,"L18"
1670,"L18"
1671,"L18"
1672,"L18"
1673,"L18"
1674,"L18"
1675,"L18"
1676,"L18"
1677,"L18"
1678,"L18"
1679,"L18"
1680,"L18"
1681,"L18"
1682,"L18"
1683,"L18"
1684,"L18"
1685,"L18"
1686,"L18"
1687,"L18"
1688,"L18"
1689,"L18"
1690,"L18"
1691,"L18"
1692,"L18"
1693,"L18"
1694,"L18"
1695,"L18"
1696,"L18"
1697,"L18"
1698,"L18"
1699,"L18"
1700,"L18"
1701,"L18"
1702,"L18"
1703,"L18"
1704,"L18"
1705,"L18"
1706,"L18"
1707,"L18"
1708,"L18"
1709,"L18"
1710,"L18"
1711,"L18"
1712,"L18"
1713,"L18"
1714,"L18"
1715,"L22"
1716,"L22"
1717,"L22"
1718,"L22"
1719,"L22"
1720,"L22"
1721,"L22"
1722,"L22"
1723,"L22"
1724,"L22"
1725,"L22"
1726,"L22"
1727,"L22"
1728,"L22"
1729,"L22"
1730,"L22"
1731,"L22"
1732,"L22"
1733,"L22"
1734,"L22"
1735,"L22"
1736,"L22"
1737,"L22"
1738,"L22"
1739,"L22"
1740,"L22"
1741,"L22"
1742,"L22"
1743,"L22"
1744,"L22"
1745,"L22"
1746,"L22"
1747,"L22"
1748,"L22"
1749,"L22"
1750,"L22"
1751,"L22"
1752,"L22"
1753,"L22"
1754,"L22"
1755,"L22"
1756,"L22"
1757,"L22"
1758,"L22"
1759,"L22"
1760,"L22"
1761,"L22"
1762,"L22"
1763,"L22"
1764,"L22"
1765,"L22"
1766,"L22"
1767,"L22"
1768,"L22"
1769,"L22"
1770,"L22"
1771,"L22"
1772,"L22"
1773,"L22"
1774,"L22"
1775,"L22"
1776,"L22"
1777,"L22"
1778,"L22"
1779,"L22"
1780,"L22"
1781,"L22"
1782,"L22"
1783,"L22"
1784,"L22"
1785,"L22"
1786,"L22"
1787,"L22"
1788,"L22"
1789,"L22"
1790,"L22"
1791,"L22"
1792,"L22"
1793,"L22"
1794,"L22"
1795,"L22"
1796,"L22"
1797,"L22"
1798,"L22"
1799,"L22"
1800,"L22"
1801,"L22"
1802,"L22"
1803,"L22"
1804,"L22"
1805,"L22"
1806,"L22"
1807,"L22"
1808,"L22"
1809,"L22"
1810,"L22"
1811,"L22"
1812,"L22"
1813,"L22"
1814,"L22"
1815,"L22"
1816,"L22"
1817,"L22"
1818,"L22"
1819,"L22"
1820,"L22"
1821,"L22"
1822,"L22"
1823,"L22"
1824,"L22"
1825,"L22"
1826,"L22"
1827,"L22"
1828,"L22"
1829,"L22"
1830,"L22"
1831,"L22"
1832,"L22"
1833,"L22"
1834,"L22"
1835,"L22"
1836,"L22"
1837,"L22"
1838,"L22"
1839,"L22"
1840,"L22"
1841,"L22"
1842,"L22"
1843,"L22"
1844,"L22"
1845,"L22"
1846,"L22"
1847,"L22"
1848,"L22"
1849,"L22"
1850,"L22"
1851,"L22"
1852,"L22"
1853,"L22"
1854,"L22"
1855,"L22"
1856,"L22"
1857,"L22"
1858,"L22"
1859,"L22"
1860,"L22"
1861,"L22"
1862,"L22"
1863,"L22"
1864,"L22"
1865,"L22"
1866,"L22"
1867,"L22"
1868,"L22"
1869,"L22"
1870,"L22"
1871,"L22"
1872,"L22"
1873,"L22"
1874,"L22"
1875,"L22"
1876,"L22"
1877,"L22"
1878,"L22"
1879,"L22"
1880,"L22"
1881,"L22"
1882,"L22"
1883,"L22"
1884,"L22"
1885,"L22"
1886,"L22"
1887,"L22"
1888,"L22"
1889,"L24"
1890,"L24"
1891,"L24"
1892,"L24"
1893,"L24"
1894,"L24"
1895,"L24"
1896,"L24"
1897,"L24"
1898,"L24"
1899,"L24"
1900,"L24"
1901,"L24"
1902,"L24"
1903,"L24"
1904,"L24"
1905,"L24"
1906,"L24"
1907,"L24"
1908,"L24"
1909,"L24"
1910,"L24"
1911,"L24"
1912,"L24"
1913,"L24"
1914,"L24"
1915,"L24"
1916,"L24"
1917,"L24"
1918,"L24"
1919,"L24"
1920,"L24"
1921,"L24"
1922,"L24"
1923,"L24"
1924,"L24"
1925,"L24"
1926,"L24"
1927,"L24"
1928,"L24"
1929,"L24"
1930,"L24"
1931,"L24"
1932,"L24"
1933,"L24"
1934,"L24"
1935,"L24"
1936,"L24"
1937,"L24"
1938,"L24"
1939,"L24"
1940,"L24"
1941,"L24"
1942,"L24"
1943,"L24"
1944,"L24"
1945,"L24"
1946,"L24"
1947,"L24"
1948,"L24"
1949,"L24"
1950,"L24"
1951,"L24"
1952,"L24"
1953,"L24"
1954,"L24"
1955,"L24"
1956,"L24"
1957,"L24"
1958,"L24"
1959,"L24"
1960,"L24"
1961,"L24"
1962,"L24"
1963,"L24"
1964,"L24"
1965,"L24"
1966,"L24"
1967,"L24"
1968,"L24"
1969,"L24"
1970,"S3"
1971,"S3"
1972,"S3"
1973,"S3"
1974,"S3"
1975,"S3"
1976,"S3"
1977,"S3"
1978,"S3"
1979,"S3"
1980,"S3"
1981,"S3"
1982,"S3"
1983,"S3"
1984,"S3"
1985,"S3"
1986,"S3"
1987,"S3"
1988,"S3"
1989,"S3"
1990,"S3"
1991,"S3"
1992,"S3"
1993,"S3"
1994,"S3"
1995,"S3"
1996,"S3"
1997,"S3"
1998,"S3"
1999,"S3"
2000,"S3"
2001,"S3"
2002,"S3"
2003,"S3"
2004,"S3"
2005,"S3"
2006,"S3"
2007,"S3"
2008,"S3"
2009,"S3"
2010,"S3"
2011,"S3"
2012,"S3"
2013,"S3"
2014,"S3"
2015,"S3"
2016,"S3"
2017,"S3"
2018,"S3"
2019,"S3"
2020,"S3"
2021,"S3"
2022,"S3"
2023,"S3"
2024,"S3"
2025,"S3"
2026,"S3"
2027,"S3"
2028,"S3"
2029,"S3"
2030,"S3"
2031,"S3"
2032,"S3"
2033,"S3"
2034,"S3"
2035,"S3"
2036,"S3"
2037,"S3"
2038,"S3"
2039,"S3"
2040,"S3"
2041,"S3"
2042,"S3"
2043,"S3"
2044,"S3"
2045,"S3"
2046,"S3"
2047,"S3"
2048,"S3"
2049,"S3"
2050,"S3"
2051,"S3"
2052,"S3"
2053,"S3"
2054,"S3"
2055,"S3"
2056,"S3"
2057,"S3"
2058,"S3"
2059,"S3"
2060,"S3"
2061,"S3"
2062,"S3"
2063,"S3"
2064,"S3"
2065,"S3"
2066,"S3"
2067,"S3"
2068,"S3"
2069,"S3"
2070,"S3"
2071,"S3"
2072,"S3"
2073,"S3"
2074,"S3"
2075,"S3"
2076,"S3"
2077,"S3"
2078,"S3"
2079,"S3"
2080,"S3"
2081,"S3"
2082,"S3"
2083,"S3"
2084,"S3"
2085,"S3"
2086,"S3"
2087,"S3"
2088,"S3"
2089,"S3"
2090,"S3"
2091,"S3"
2092,"S3"
2093,"S3"
2094,"S3"
2095,"S3"
2096,"S3"
2097,"S3"
2098,"S3"
2099,"S3"
2100,"S3"
2101,"S3"
2102,"S3"
2103,"S3"
2104,"S3"
2105,"S3"
2106,"S3"
2107,"S3"
2108,"S3"
2109,"S3"
2110,"S3"
2111,"S3"
2112,"S3"
2113,"S3"
2114,"S3"
2115,"S3"
2116,"S3"
2117,"S3"
2118,"S3"
2119,"S3"
2120,"S3"
2121,"S3"
2122,"S3"
2123,"S3"
2124,"S3"
2125,"S3"
2126,"S3"
2127,"S3"
2128,"S3"
2129,"S3"
2130,"S3"
2131,"S3"
2132,"S3"
2133,"S3"
2134,"S3"
2135,"S3"
2136,"S3"
2137,"S3"
2138,"S3"
2139,"S3"
2140,"S3"
2141,"S3"
2142,"S3"
2143,"S3"
2144,"S3"
2145,"S3"
2146,"S3"
2147,"S3"
2148,"S3"
2149,"S3"
2150,"S3"
2151,"S3"
2152,"S3"
2153,"S3"
2154,"S3"
2155,"S3"
2156,"S3"
2157,"S3"
2158,"S3"
2159,"S3"
2160,"S3"
2161,"S3"
2162,"S3"
2163,"S3"
2164,"S3"
2165,"S3"
2166,"S3"
2167,"S3"
2168,"S3"
2169,"S3"
2170,"S3"
2171,"S3"
2172,"S3"
2173,"S3"
2174,"S3"
2175,"S3"
2176,"S3"
2177,"S3"
2178,"S3"
2179,"S3"
2180,"S3"
2181,"S3"
2182,"S3"
2183,"S3"
2184,"S3"
2185,"S3"
2186,"S8"
2187,"S8"
2188,"S8"
2189,"S8"
2190,"S8"
2191,"S8"
2192,"S8"
2193,"S8"
2194,"S8"
2195,"S8"
2196,"S8"
2197,"S8"
2198,"S8"
2199,"S8"
2200,"S8"
2201,"S8"
2202,"S8"
2203,"S8"
2204,"S8"
2205,"S8"
2206,"S8"
2207,"S8"
2208,"S8"
2209,"S8"
2210,"S8"
2211,"S8"
2212,"S8"
2213,"S8"
2214,"S8"
2215,"S8"
2216,"S8"
2217,"S8"
2218,"S8"
2219,"S8"
2220,"S8"
2221,"S8"
2222,"S8"
2223,"S8"
2224,"S8"
2225,"S8"
2226,"S8"
2227,"S8"
2228,"S8"
2229,"S8"
2230,"S8"
2231,"S8"
2232,"S8"
2233,"S8"
2234,"S8"
2235,"S8"
2236,"S8"
2237,"S8"
2238,"S8"
2239,"S8"
2240,"S8"
2241,"S8"
2242,"S8"
2243,"S8"
2244,"S8"
2245,"S8"
2246,"S8"
2247,"S8"
2248,"S8"
2249,"S8"
2250,"S8"
2251,"S8"
2252,"S8"
2253,"S8"
2254,"S8"
2255,"S8"
2256,"S8"
2257,"S8"
2258,"S8"
2259,"S8"
2260,"S8"
2261,"S8"
2262,"S8"
2263,"S8"
2264,"S8"
2265,"S8"
2266,"S8"
2267,"S8"
2268,"S8"
2269,"S8"
2270,"S8"
2271,"S8"
2272,"S8"
2273,"S8"
2274,"S8"
2275,"S8"
2276,"S8"
2277,"S8"
2278,"S8"
2279,"S8"
2280,"S8"
2281,"S8"
2282,"S8"
2283,"S8"
2284,"S8"
2285,"S8"
2286,"S8"
2287,"S8"
2288,"S8"
2289,"S8"
2290,"S8"
2291,"S8"
2292,"S8"
2293,"S8"
2294,"S8"
2295,"S8"
2296,"S8"
2297,"S8"
2298,"S8"
2299,"S8"
2300,"S8"
2301,"S8"
2302,"S8"
2303,"S8"
2304,"S8"
2305,"S8"
2306,"S8"
2307,"S8"
2308,"S8"
2309,"S8"
2310,"S8"
2311,"S8"
2312,"S8"
2313,"S8"
2314,"S8"
2315,"S8"
2316,"S8"
2317,"S8"
2318,"S8"
2319,"S8"
2320,"S8"
2321,"S8"
2322,"S8"
2323,"S8"
2324,"S8"
2325,"S8"
2326,"S8"
2327,"S10"
2328,"S10"
2329,"S10"
2330,"S10"
2331,"S10"
2332,"S10"
2333,"S10"
2334,"S10"
2335,"S10"
2336,"S10"
2337,"S10"
2338,"S10"
2339,"S10"
2340,"S10"
2341,"S10"
2342,"S10"
2343,"S10"
2344,"S10"
2345,"S10"
2346,"S10"
2347,"S10"
2348,"S10"
2349,"S10"
2350,"S10"
2351,"S10"
2352,"S10"
2353,"S10"
2354,"S10"
2355,"S10"
2356,"S10"
2357,"S10"
2358,"S10"
2359,"S10"
2360,"S10"
2361,"S10"
2362,"S10"
2363,"S10"
2364,"S10"
2365,"S10"
2366,"S10"
2367,"S10"
2368,"S10"
2369,"S10"
2370,"S10"
2371,"S10"
2372,"S10"
2373,"S10"
2374,"S10"
2375,"S10"
2376,"S10"
2377,"S10"
2378,"S10"
2379,"S10"
2380,"S10"
2381,"S10"
2382,"S10"
2383,"S10"
2384,"S10"
2385,"S10"
2386,"S10"
2387,"S10"
2388,"S10"
2389,"S10"
2390,"S10"
2391,"S10"
2392,"S10"
2393,"S10"
2394,"S10"
2395,"S10"
2396,"S10"
2397,"S10"
2398,"S10"
2399,"S10"
2400,"S10"
2401,"S10"
2402,"S10"
2403,"S10"
2404,"S10"
2405,"S10"
2406,"S10"
2407,"S10"
2408,"S10"
2409,"S10"
2410,"S10"
2411,"S10"
2412,"S10"
2413,"S10"
2414,"S10"
2415,"S10"
2416,"S10"
2417,"S10"
2418,"S10"
2419,"S10"
2420,"S10"
2421,"S10"
2422,"S10"
2423,"S10"
2424,"S10"
2425,"S10"
2426,"S10"
2427,"S10"
2428,"S10"
2429,"S10"
2430,"S10"
2431,"S17"
2432,"S17"
2433,"S17"
2434,"S17"
2435,"S17"
2436,"S17"
2437,"S17"
2438,"S17"
2439,"S17"
2440,"S17"
2441,"S17"
2442,"S17"
2443,"S17"
2444,"S17"
2445,"S17"
2446,"S17"
2447,"S17"
2448,"S17"
2449,"S17"
2450,"S17"
2451,"S17"
2452,"S17"
2453,"S17"
2454,"S17"
2455,"S17"
2456,"S17"
2457,"S17"
2458,"S17"
2459,"S17"
2460,"S17"
2461,"S17"
2462,"S17"
2463,"S17"
2464,"S17"
2465,"S17"
2466,"S17"
2467,"S17"
2468,"S17"
2469,"S17"
2470,"S17"
2471,"S17"
2472,"S17"
2473,"S17"
2474,"S17"
2475,"S17"
2476,"S17"
2477,"S17"
2478,"S17"
2479,"S17"
2480,"S17"
2481,"S17"
2482,"S17"
2483,"S17"
2484,"S17"
2485,"S17"
2486,"S17"
2487,"S17"
2488,"S17"
2489,"S17"
2490,"S17"
2491,"S17"
2492,"S17"
2493,"S17"
2494,"S17"
2495,"S17"
2496,"S17"
2497,"S17"
2498,"S17"
2499,"S17"
2500,"S17"
2501,"S17"
2502,"S17"
2503,"S17"
2504,"S17"
2505,"S19"
2506,"S19"
2507,"S19"
2508,"S19"
2509,"S19"
2510,"S19"
2511,"S19"
2512,"S19"
2513,"S19"
2514,"S19"
2515,"S19"
2516,"S19"
2517,"S19"
2518,"S19"
2519,"S19"
2520,"S19"
2521,"S19"
2522,"S19"
2523,"S19"
2524,"S19"
2525,"S19"
2526,"S19"
2527,"S19"
2528,"S19"
2529,"S19"
2530,"S19"
2531,"S19"
2532,"S19"
2533,"S19"
2534,"S19"
2535,"S19"
2536,"S19"
2537,"S19"
2538,"S19"
2539,"S19"
2540,"S19"
2541,"S19"
2542,"S19"
2543,"S19"
2544,"S19"
2545,"S19"
2546,"S19"
2547,"S19"
2548,"S19"
2549,"S19"
2550,"S19"
2551,"S19"
2552,"S19"
2553,"S19"
2554,"S19"
2555,"S19"
2556,"S19"
2557,"S19"
2558,"S19"
2559,"S19"
2560,"S19"
2561,"S19"
2562,"S19"
2563,"S19"
2564,"S19"
2565,"S19"
2566,"S19"
2567,"S19"
2568,"S19"
2569,"S19"
2570,"S19"
2571,"S19"
2572,"S19"
2573,"S19"
2574,"S19"
2575,"S19"
2576,"S19"
2577,"S19"
2578,"S19"
2579,"S19"
2580,"S19"
2581,"S19"
2582,"S19"
2583,"S19"
2584,"S19"
2585,"S19"
2586,"S19"
2587,"S19"
2588,"S19"
2589,"S19"
2590,"S19"
2591,"S19"
2592,"S19"
2593,"S19"
2594,"S19"
2595,"S19"
